,text,Burchard VS Zwickau classifier,London VS Burchard classifier,London VS Zwickau classifier
0,domum congnationem suam derelinquentem deferentem uenientem sanctioribus iacob tarditatem negligentiam sacrauit iesu tota die nocte resonant eclesie uniuerse annum recolat psalando que sunt aut et et,Zwickau,Burchard,Zwickau
1,frater fratrum per annos quibus frater prouincie ilius fui et uolui inscriptis redactam etiam per figuram depingere facilius posset ab longitudo latitudo et dispositio comprehendi hoc meis siris et aliis quos ductores et interpretes frequenter mecum habui de omnibus inuestigans que scire uolui quodam uero de quibus sepe quosdam dubios esse uideram et mouere sepius questiones licet oculis meis plene singula uiderim uolui tamen de his etiam ponere testimonium aliorum utpote iosepi in terra ipsa natus et conuersatus et domini iacobi de uitriaco patriarce ierosolimitani sedis apostolice legati qui annotauit et fideliter descripsit ego terram ipsam a et iordane occidentale qui eius diligentissime perlustraui cum societate bona pluries habens securitatem omnimodam a soldano solum in ipsa terra sancta sed et per siriam totam et egiptum uniuersa et plures alias regiones,Burchard,Burchard,London
2,tigri qui de ararat oritur infimi rubris maris qui persicus influit nilum fluuium egipti tigrim fluuium eufratem monte ararat qui montis tauri de cuius radice uterque fluuius oritur appelatur persas fere adiungitur occidente magna et indie fere adiungitur mare rubrum suis appelatur enim pars uero a sarracenis et tartaris appelatur et hec est,Zwickau,London,Zwickau
3,fluuio fluuio ualame margat que metropolitanum habens arciepiscopum appanensem distans supradicto quibus sunt arciepiscopi eidem sedi subiecti numero secundum numerum magnorum piscium quos traxit petrus in terram sicut dicitur in iohanne inter has tamen sunt principales ciuitates laodotia sirie appnana preter alias que habent sedes episcopales quarum numerus non est mii notus,Zwickau,London,London
4,fenicis ualame carmali templi margat aracos botum biblium bericus que antiquitus dora siue dos iuxta mare dicebatur ista siria a cacmi sic est dicta caput esse enim,Zwickau,London,London
5,quarta est siria damasci in qua est damascus ciuitas metropolis hec predicte sirie penicis ab origente coniungitur dicitur tamen ista etiam siria libanica quia libanus mons in ea preclarus habetur et habet ciuitates et terras plures habitant enim in ista siria damasci maronite in monte libano item quedam gentes que dicuntur sine confessione quia nunquam confitentur licet sint cristiani propter casum quoddam et stragem  hominum que propter prodicos unius confessionis noscitur accidisse item habitant in ea qui dicuntur de lege occulta quam nulus extraneorum umquam potuit inuestigare sed uiri tanti eam sciunt et preter moriens eam tantum reautat filio se mori item habitant in ea ibidem quidam sarraceni qui dicuntur uanini feroces homines supra modum et infesti modis omnibus cristianis item habitant circa krac castrum inter montem libani kamelani in montanis quidam sarraceni qui dicuntur assisini quorum terra dicitur assim sed uulgariter semoris de montanis isti instruuntur esse obedientes usque ad mortem et de mandato superioris quemlibet quantumcumque etiam magnum interficiunt et in hoc se paradisum mereri credunt etiam si antequam obedientiam impleant occidantur ista siria damasci siue libanica in eufrate flumine ab oriente terminatur ab ista ciuitate damasco distat ciuitas ila gloriosa que nunc halapia comuniter appelatur per dietas a flumine uero eufrate per tamen dietam distat et est eadem quam salomon dicitur in deserto edificasse et palmiram appelasse iosepus dicit eam cadmar appelari quod etiam idem est quod palmira,Burchard,Burchard,London
6,damasci siriam procedendo contra austrum occurrit pilistim similiter maioris iordanem secundum limites omnes quos regnum iuda siue ierusalem continebat in hac palestina erant episcopi plures et arciepiscopi et ciuitates munite ualde inicium autem huius palestine erat ab oriente incipiens a mari mortuo secus ierico finis a mari magno iuxta ioppem ab aquilone betel ab austro uero flumine egipti ubi etiam regnum iuda habetur,Zwickau,London,Zwickau
7,tertia est cuius metropolis est betsan sita sub monte gelboe iuxta iordanem et continebat regnum samarie a betel incipiens contra austrum et terminabatur iuxta stagnum ionesar iuxta betsaidam cum tota galilea ista dicebatur palestina quia pilistini possederunt eam post mortem saulis sed dicitur primus regum ultimus quod uidentes filii isrel qui erant trans ualem quod mortuus esset saul et filii eius reliquerunt ciuitates suas et fugierunt et uenierunt pilistim et habitauerunt in ea usque in presentem diem et ob hanc causam appelata est terra ila palestina cum tamen in rei ueritate esset galilea siue campus magnus esdrelon iste tres palestine omnes sunt circa iordanem ad occidentalem eius plagam,Zwickau,Burchard,London
8,nota quod ultra iordanem triplex omnes magne sicut palestine arabia est que bostroc tamen bosra hec includit traconitidem regionem que est eius pars occidentalis et damas que est ei aquilonalis arabia et aroca fuit rex,Zwickau,Burchard,Zwickau
9,secunda est cuius metropolis est rabac ciuitas que nunc piladelpia dicitur super torrentem arnon sita ista arabia erat terra filiorum amon et includebat regnum os og regis basan et esebon cum tota terra seon regis esebon que uniuersa cessit in partes duarum tribuum et dimidie transiordanem et montem galaad et bataneam et coniungitur prime arabie ex parte australi,Zwickau,Burchard,Zwickau
10,iuxta regalem saracenite petra supra includit montem basion gaboe montis sinai contra occidentem et fluuium eufraten contra orientem meca ciuitas locus sepulcri macmeti iste arabie omnes sunt ultra iordanem in origentali eius plaga,Zwickau,London,London
11,sufitiant licet fere omnia finit excerpta rem sortem cecidit occidentalem eius terminum ponentes mare magnum et per litus ipsius maris procedentes uersus sidonem usque bericum quem locum licet filii isrel non possederunt tamen distributione tribuum usque ad sidonem magnam fuit pars ila tribui asser assignata,Zwickau,Burchard,London
12,diuisione quarte septentrionalis quarta septentrionali que rectam protenditur acon usque non que secuntur primum igitur aconensis nunquam distributione tribus ila nunquam possedit penicea ab caipan pedes occidit sicut dicitur in libro regis,Zwickau,London,Zwickau
13,de penicea regione penicea uero regio adhuc ultra extenditur contra austrum ad leucas iuxta castrum peregrinorum quod dicitur petra incisa qui locus est limes eius et ubi incipit palestina et diocesis palestine et terminatur diocesis tironensis que est metropolis penicis contra aquilonem uero extenditur penicea per plures dietas in litore maris usque ad laoditiam sirie iuxta antiociam et sunt in ea ciuitates multe nusquam autem sicud mii uidetur per tantam longitudinem se extendit in latitudine ultra leucas sed est montibus sibi ab oriente inminentibus ab omnibus prouinciis circumadiacentibus separata est autem prima eius ciuitas caipas sicud dictum est sub camelo constituta habundans ficetis et oliuetis et aliis comoditatibus multis inde sunt leuce in acon contra aquilonem,Burchard,Burchard,Zwickau
14,de casale de acon procedendo directe contra aquilonem ad leucas est casale lamberti inde ad leucas est castrum scandalion ultra montem quem alexander obsidens tirum dicitur edificasse satis amenum fontibus et flumibus et ortis et oliuetis et pingui gleba in litore maris situm,Zwickau,Burchard,Zwickau
15,leucas dextram aquarum uiuencium quo puteus structure non eiusdem similiter omnibus dimidie plus eosdem deducitur aqueducductus tracones irrigantur ista giardini tanta partibus ilis aliquociens dicitur reditibus bisantiorum posset inpelunt et in prestant isto fonte,Zwickau,London,Zwickau
16,leucam predicto traconem tirus edificata fuit catmo filiis agenoris post modum a quo tota terra penicea appelata tirus magno ambitu capatior aconensi nabucodonosor contigua terra tamen cincta est triplici ad habens munitissima mari habens turres firmissimas quas,Zwickau,London,Zwickau
17,ciuitatis arena beatus uenter cetera stetit predicans nunquam arena arena sicud nix subtilis pulsu cumulos manet iohann de monte forti erat dominus construxit pulcram ualde in ipsum in eminenti supra unam qui locus a fidelibus peregrinis frequentatur,Zwickau,London,Zwickau
18,fluuio eleutero demetrum sicud in macabeis de rohob cabul belofort persecutus de confinio isto quia aliquando ibi herodes magnus euleuterus de fluuio eleutereo dicebatur,Zwickau,London,Zwickau
19,sidon penicis crederetur scriberetur ipsis ciuitas si primo quidam castrum similiter ciuitas ipsa castris adiacente milicie terra ista serenissimo non uidi terra ila locum mii magis placentem,Zwickau,London,Zwickau
20,antilibanus ab ista ciuitate antilibanus flumen eleutereum supra protendit uia per imeabilis ibi habetur delicatissimum de quo dicitur uinum et margant,Zwickau,London,London
21,ante portam sidonis magne que nunc deserta est est capela in loco ubi ad dominum uenit mulier cananea in uia que ducit ituream et cesaream pilippi,Zwickau,Burchard,Zwickau
22,beritus saluatoris sanguine hucusque contra partes aquilonis processi cetera usque ad laoditiam non uidi sed relatione didici nobiles ibi esse ciuitates quas cristiani colunt in litore maris sitas,Zwickau,Burchard,Zwickau
23,biblium et primo post beritum ad leucas est biblium de qua loquitur eseciel in comendatione tiri dicit senes tui biblii et remiges tui o tire,Zwickau,Burchard,Zwickau
24,ciuitas tripolis undique mari cincta sicud tiirus maronite esset uinetis pomis naranges lemonibus citrinis cedrinis pomis paradisi similibus nec alibi miliare teutonicum fere tantundem infiniti et annum bisantiorum et fons ortorum rigat omnes ortos istos inter libanum et tripolin et comendat mirabiliter regionem aque eius optime sunt dulces et frigide et plura loca religiosa constructa sunt super riuos eius et ecclesie et oratoria multa,Zwickau,Burchard,Zwickau
25,tripolis post hanc sequitur tripolis ad leucas nobilissima ciuitas et munita ualde que delicatior est in ere et in omnibus mundi bonis pre omnibus ciuitatibus penicis de ista dicitur primo macabeorum quod demetrius uenit ab insulis maris ad portum tripolis in regnum patrum suorum,Burchard,Burchard,London
26,libanus distat a ciuitate ista ad leucas ad cuius pedem oritur fons ortorum fluens inpetu de libano sicud dicitur canticis fons iste humiliter nascitur sed subito inualescens fluuium facit magnum qui pro parte circuit montem leopardorum et tandem fluminibus bene magnis intrat mare de hoc dicitur in hester fons paruus et cetera qui fons amenitate sua comendat mirabiliter regionem iuxta hanc ciuitatem inter ipsas aquas salsi maris erumpit fons dulcis et potabilis de quo ciues hauriunt aquas ad potandum,Zwickau,London,Zwickau
27,monte leopardorum de per bene consitus oliuis et amenus ualde aquilonali et siri parcium ilarum tamnacsare baas autem ilud canaam eius qui terram,Zwickau,Burchard,Zwickau
28,ara castro simiaim ad krak fuit planitia longitudine latitudine ista habet preterea turcomanni bodwini tentoriis estimabatur ad planiciem protenduntur in in qui uanini fera omnino,Zwickau,London,London
29,sinnoim quedam suo in undique dicitur aradium est tamen canan et eam suo nomine appelauit in hac fuerunt columpne uitree de quibus legitur in itineraririo clementis et clemens ibidem inuenit matrem suam,Zwickau,Burchard,Zwickau
30,hic nota quod can filius noe genuit canaam post diluuium canaam autem genuit sidonem primusgenitum suum eteum et iebusem et amorreum iergeseum eueum et araceum sineum et amaceum ex hiis enim filiis canaam disseminati sunt populi cananeorum et ex hiis enim scilicet araceus sinneus sidon et aradius manserunt in terra ista circa principium montis libani ut patet araceus enim condidit castrum aracas quod est hodie iuxta tripolim et ilud suo nomine appelauit unde dicit glossa paralippomeni primo sidon uero edificauit sidonem magnam urbem penicis sinneus edificauit simopim castrum quod distat de aracis castro per leucam aracus uero edificauit aradium insulam ut est dictum et istorum piramides et sepulcra ostenduntur hodie iuxta anteradum ad leucam sumptuosi nimis et lapides stupende magnitudinis in structuris hiis inueni lapides enim et pedum longos et latos et spissos oculis meis ibi uidi et est mirum quomodo putuerunt in edifitio colocari,Burchard,Burchard,London
31,a latere anteradi ad leucam ad orientem sunt montana quedam alta et bonis castris et multis munita que includunt terram quamdam que terra assininorum dicitur in qua habitant assinini de quorum moribus et conuersatione infra plenius dicitur ubi de habitatoribus terre sancte fit mentio spetialis in anterado beatus petrus longo tempore predicauit cum antiociam pergeret sicut in itinerario clementis dicitur et primam ibidem ecclesiam edificauit que dicitur prima omnium ecclesiarum in toto orbe constructa adhuc uiuente beata uirgine in honore eius quam oculis meis uidi et pluries in ea dixi missam et multo tempore in ila ciuitate steti,Zwickau,Burchard,London
32,mergat contra aquilonem mergat ualaniam leucam alto fuit ualania mergatum prouintia appanensi constituta similiter laodicensis eidi sedi subiecti ualania preterfluit principatu a aconense ierusalem uero per dietas inde in sunt aut amplius multum uersus gurgiam que olim capadotia dicebatur et armeniam et siciliam ilis tota mea intentio uersatur circa descriptionem terre sancte et hiis locis,Zwickau,Burchard,Zwickau
33,post tripolim sequitur ciuitas tortosa gloriosa ualde sita in patriarcatu antioceno antiquitus antirodus dicta quasi ante rodum sita quia rodus insula contra ipsam sita est in corde maris in hac ciuitate erat petrus cum clemente quando ibidem patrem suum et matrem reperit,Zwickau,London,Zwickau
34,ultra antirodum est nobilis ila laoditia sirie ciuitas que est comunis cristianis et sarracenis de cuius ruinis et structuris mirabilia referuntur hec est finis terre sancte contra aquilonem,Burchard,Burchard,Zwickau
35,inde ad leucas est ciuitas antiqua asor dicta in qua habitabat iabin rex ile potens qui contra iosue cum regibus pugnauit ad aquas maron de qua dicitur iosue quod inter omnia rengna hec asor principatum tenebat et post una tamen asor munitissimam flama consumpsit ista ciuitas tempore incarnationis iesu cristi iocapata dicebatur iotapata est in galilea gencium siue iturea sicud et turonum hanc munierat iosepus tempore discidii contra romanos et in ea obsessus et captus fuit sicud ipse testatur narrans multa de preconio huius ciuitatis et monstrantur diricie eius usque in presentem diem distat autem a tiro per leucas contra orientem,Burchard,Burchard,Zwickau
36,inde ad belenas sicud sita koob ceperant lesendam unde legitur omnis aquilonem cesarea postea appelauit eam pilippi honorem tiberii cesaris memoriam sui nominis dicta etiam grece paucas belenas,Zwickau,London,Zwickau
37,super pede scilicet modum confluentes eficiunt post caparnum corrosaim scito qui piala subterraneo hanc fluens ibique scaturiens dicitur pilippo tetrarca pialam pialam modan dicerent eum eum salmanuca meddan piala belenas siue per cesarea siue tantundem mare mortuum ile sweta iordanis belenas ior colectus post longos circuitus inter mare galilee ingreditur a,Zwickau,London,Zwickau
38,castelum iudit secunda diuisio contra orientem swanir ipsis aliquid nota igitur arnon sita amorreum habitabat esebon galad qui fuit de regno ogis swanir supra usque inde usque ad introitum emat ubi accedit libanus continua montana quasi appelatur in separant lumbardiam hartone inter saxoniam et curiginsiam et turingiam,Zwickau,London,London
39,galad capud capud isti adiungitur swanir manasse isti inde adiungitur qui introitum emac fere iungit ilo ubi libanus ibidem plane ilam longitudinem habens capud tectum siue castro tiro in antaradum totam accedens in palmetis oliuetis ficetis uinetis in eis dictum iacobini qui ut mii dixerunt alii testabantur,Zwickau,London,Zwickau
40,castelum iudit secunda diuisio est contra orientem cuius prima pars procedit de acon contra uulturnum et in hac leucis ab acon distat castelum iudit dictum inde castrum regium ad leucas que castra fuerunt domus teutonice cum terra adiacente,Burchard,London,Zwickau
41,ualis semnim inde leucis ualis semnim ubi eber cineus tetenderat tabernaculum cuius uxor iabel ibidem saram clauo tabernaculi per timpora transfixum interfecit,Zwickau,London,Zwickau
42,sepet forcius unquam alto perditum ignominiose inde optinet scilicet asser magnam partem tribus manassen acon inde ultra semnim sepet est fugitinorum sunt ibi pulcra,Zwickau,Burchard,Zwickau
43,sepet occidentem totiens iesus beatitudinibus etiam pauit de pistibus ostenditur lapis quo dominus iesus predicandum sessiones apostolorum mons ile longus est ad arcuum iactus latus quantum est iactus lapidis amenus supra modo abilis ad predicandum hoc monte et circa est dominus multa operatus enim ipsum etiam hunc ascendit cum uidit magnam multitudinem uenientem ad se in ibidem suplicauit ad,Zwickau,Burchard,London
44,locus leprosi descensu locus ubi dominus tetigit leprosum et ubi stetit in loco campestri et turba discipulorum eius in montis fons corianium istum eo caparnaum sic est fere leucarum,Zwickau,Burchard,London
45,ibidem ad passus est locus ubi uiderunt prunas positas et piscem superpositum et panem et distat caparnaum ab isto contra orientem ad leucam,Burchard,Burchard,London
46,traconitidis ultra iordanem uero tota terra que latus eius occidentale occupat a monte libano qui est ad septentrionem usque ad mare quod est ad austrum et inde usque ad montem seir qui est ad orientem indeque ad montem hermon et iterum usque ad libanum uocatur traconitidis regio pro eo quod cum omnino careat aquis fluuialibus incole de aquis pluuialibus colectis in berkilibus et cisternis per tracones de loco ad locum inducunt aquas ut et se et pecora sua alant in iosue uero terra ila appelatur planicies libani terra uero que est in litore iordanis occidentali usque ad montes sidomorum et tiriorum et ackonensi qui piniceam ab ipso diuidunt tam in ista tertia diuisione quam in precedenti dicitur iturea siue galilea gencium siue terra cabul et terminatur in libano ad aquilonem in iordane ad orientem in mari galilee siue uia que ducit ad occidentem contra austrum montibus uero penicie ad occidentem,Zwickau,Burchard,Zwickau
47,secunda pars quarte orientalis incipit ab acon et procedit contra orientem in latere australi castri sepet inde per litus maris ascendens montem seir in latere septentrionali iuxta ciuitatem cedar usque in mesopotamiam sirie,Zwickau,Burchard,Zwickau
48,uia occidentis hec autem linea ad literam est uia ila de qua dicitur tobias post uiam que ducit ad occidentem de regionibus dico supradictis que sunt ad orientem in isaia uero dicitur uia maris transiordanem galilee gencium quia in litore maris procedit ab uno fine usque ad alium finem eius per hanc enim uiam negotiatores de aram et de seir et de mesopotamia et madian ab oriente uenientes merces infinitas ducunt ab acon et reducunt in camelis qui habundant ualde in partibus ilis,Zwickau,Burchard,Zwickau
49,georgius acon igitur procedendo occurrit bonum sanctus georgius sanctus penicie supra modum ila asser ueraciter de asser genesis asser pingwis de tribu de,Zwickau,London,Zwickau
50,dotain ud bonum ficetis longe a cisterna montana conscendens transit planiciem galilee et uilam maggedo usque ad ramatasopin et terram pilistim ueniunt eodem opido dotain heliseus ualatus a siris ad distat per bonam dotain eadem sic non et et coniuncta est uali sabe ualis regis dicitur ubi melcisedec occurrit abrahe siria reuertenti,Zwickau,Burchard,Zwickau
51,neptalim tobie de naason leucis contra orientem de dotaim leucis contra aquilonem neptalin est ciuitas tobie nunc casale ualde modicum sed alto loco situm non longe a sepet nunc dicitur sirin,Zwickau,London,London
52,betsaida de neptalim leucis contra orientem supra mare galilee est betsaida ciuitas andree petri et pilippi nunc uix habet domos iuxta uiam que ducit ad occidentem cui coniungitur uia que de siria ducit in egiptum et est sita uia ista in cornu maris galilee ubi sanctum ipsum mare curuari incipit ab aquilone in austrum,Burchard,London,London
53,magdalum inde leucis contra meridiem magdalum castelum maria magdalene similiter in litore maris situm cuius domum ibidem uidi et intraui distat a betulie et dotaim leucis contra uulturnum fere ameno loco situm et habet a parte occidentis et aquilonis planiciem magnam et amenam et pascuosam hinc inde irrigua fontibus et ideo pascuosa et alendis pecoribus apta et nota quod dotaim non solum est uila sed etiam cognominata ab ipsa uila quia ili ab antiquo adiacet et est terra sita inter montes competenter altos de betsaida contra orientem leuca supra litus maris est unus locus ubi stetit iesus in litore post resurrectionem quando dixit pueri numquid pulmentarium habetis cuius uestigia uidi lapidi impressa in die beati augustini cum ibi essem sed postea in festo annuntiationi cum redissem sarraceni hunc lapidem omnino tulerant super hac est mons ubi pauit hominum de panibus et piscibus ut supra scriptum est,Burchard,Burchard,London
54,caparnaum de loco isto qui uocatur mensa cum tabula ad leucam est caparnaum ciuitas quondam gloriosa sed nunc est ualde uilis uix habens domos pauperum piscatorum et est inpletum de ea uerbum domini et tu caparnaum si in celum ascenderis in infernum detraheris ante caparnaum in uia regia que ducit ad occidentem que etiam uia maris dicitur est usque hodie locus ubi sedit mateus ad teoloneum in caparnaum uero fuit domus petri in qua sanauit dominus socium eius in ea sanauit paraliticum per tegulas ante se dimissum item seruuum centurionis item filium reguli de ista ad leucam contra orientem iordanis influit mare galilee,Burchard,Burchard,London
55,dicitur decapolis acon asser georii dicitur consurgens aran traconitidis regionisunde dicit quedam glossa hus siue husicide tenuit tetrarca sicud citra tiriororum aconensium que peniceam ea terminantur ab aquilone ab oriente sicud,Zwickau,London,Zwickau
56,mare galilee habet in longitudine stadia que faciunt miliaria teutonica et quartum in latitudine stadia id est miliari teutonica fere id est unius quarta,Zwickau,Burchard,Zwickau
57,cedar inde ad tres leucas est cedar ciuitas gloriosa et firmo loco sita in monte seir contra orientem et per hanc ciuitatem transit uia que ut dictum est supra transit per litus mare galilee et ducit ad occidentem,Burchard,Burchard,Zwickau
58,mons nota quod terra que est a parte australi huius uie usque ad possessionem dimidie tribus manasse que erat in basan et edrain ciuitatibus et turris ogis regis basan dicitur mons seir siue idumea siue etiam edom et habitauit in ea esau et posteri eius usque in presentem diem sed appelantur comuniter sicud alii sarraceni quia nec lingua nec habitu nec ritu distant ab eis,Zwickau,Burchard,Zwickau
59,alios edon codorlaomoris horreos deuteronomio secundo ista terra unquam deuteronomius horrei siue idumea sicud scriptum iabot transiuisisset eleuatis oculis socot inmediate post horrei habitant sicut multum distat habitationis eorum duplices habebat ismahel sui fuisse alterius uxoris transierunt alium iminet,Zwickau,London,Zwickau
60,tota ila montis siue idumea ciuitate bosra coniuncta planiciei libani ciuitate cedar galad terram montuosa nimis alta ualde incipiunt primo maris surgere montes isti ita ut pluribus locis possunt aliquis applicare propter preruptum moncium uidetur semper altior quousque uisus hominis se extendit terminaturque terra ila que possedit terram ogis regis basan et montem non longe a bersan galilee et de incitus inceps tribuum et dimidie supra iordanem siue pasca uersus uero est situm idem finem et inde per totam longitudinem maris mortui usque ad montem regalem antiquitus petra dicebatur de regno sequitur terra filiorum litore quam diu et circuitus h usque ad montem seir alium qui est usque a sinai,Zwickau,Burchard,London
61,tertia pars tertia parte eurum post acon idrie interclinium sicud multos similiter sicud terra rationem quod super complanetis locata oportebat erudarerent cana galilee autem qui uidetur longe mari est carmeleum extenditur ad carmelum inde per multa miliaria et crescit ibi lana succida et uinum delicatum et oliueta et uineta multa uinum etiam loci iscius excelit uina terre iscius,Zwickau,Burchard,Zwickau
62,beelma de cana galilee uersus orientem est beelma ad leucas de qua legitur in iudit quod holofernes uadens contra betuliam uenit iuxta eam et sic oportebat quia propter locorum dificultatem uia alia esse non poterat est autem uila ista in contracta ila uocatur dotaim distans ab ipsa per leucam et plus contra occidentem et sunt ibi ruine magne cuius ruine adhuc ostendunt eam magnam fuisse de ipsa etiam fuit eliseus propeta orifehler textmarke nict definiertundus,Zwickau,London,London
63,de cana galilee leucis contra meridiem uia que sepore ducit tiberiadem est uila quedam dicta ruina ubi tobias propeta fuit tumulatus qui de terra ista natus fuit scilicet de get que est in cipel sicud enim appelatur terra ista uila ista sita est in monte qui de nasaret ueniens predictam uilam includit carmelam ut dictum est supra,Zwickau,London,Zwickau
64,nota tamen quod adhuc terra ila diuersis nominibus appelatur sicud dictum est supra ad tale signum m et non continet ista multo plus quam dietam et dimidiam et in longum aut in latum,Zwickau,Burchard,Zwickau
65,item de cana galilee leucis contra austrum est seporum ciuitas et castrum de qua ioacim pater beate uirginis creditur fore oriundus et est in tribu asser,Burchard,Burchard,London
66,nasaret ciuitas galilee inde leucis contra austrum fere sed aliquantulum declinando ad orientem est nasaret ciuitas galilee ila dilecta in qua flos florum de radice iesse pululauit distat autem ab acon fere per leucas ostenditur ibidem adhuc sinagoga in qua iesum docenti traditus est liber isaie propete quando legit spiritus domini super me eo quod unxerit me et fons in fine ciuitatis de quo hausit puer iesus ministrans matri sue,Zwickau,London,Zwickau
67,inde ad austrum fere leuca est locus qui uocatur saltus ubi uolebant iesum precipitare et ostenditur ibi hodie saltus domini de uertice montis huius ad latus ad alterius montis oppositi ad iactum arcus et liniamenta corporis et uescium lapidi impressa,Zwickau,London,London
68,torrens cison in pede eius orientali est torrens cison ubi sisara pugnauit et superatus est abarac sub uila aron endor que sita est in monte hermonin modico sicud dicitur in psalmo,Zwickau,Burchard,Zwickau
69,hermonim hermonim est mons modicus qui distat leuca a monte tabor contra eurum endor sub hermonim torrens cison colectus de pluuialibus aquis montis tabor et hermon et hermonim descendit contra mare galilee et intrat ilud super castrum biluen quod fuit fratrum hospitalensium in endor mansit ila mulier habens pitonem que ad instantiam saul suscitauit samautem,Zwickau,Burchard,Zwickau
70,australis australis acon prima acon leucis bail eiusdem torrens interualum aconensi ilo sit uersus sub pede orientali montis betiran uero iuxta caipam latere aquilonali montis carmeli fluxus contigit quoddam parte montis hermon hermonin est ile ubi alia uersus descendens per totum campum magnum per locum ubi bail que leucis distat acon,Zwickau,London,Zwickau
71,maggedo isto loco maggedo sibule ocorias quem ieu iesraheli eodem campo paraone r necao maggedo magnus sunt ila appelantur quodam castelo sicud dictus a apet parti penice habet campus ile plene miliaria teutonica frumenti uini olei omnium bonorum que gignere potest humus ere saluberrimo terra repugnantibus possidere,Zwickau,London,Zwickau
72,siman ultra est siman eundi erat enim ila uia planior eundi locum ilum sunan betsan tamen sunan eliseus susceperat ad eum carmelum leucis etiam pilistim esset qui distat inde fere hac etiam abisac sunnamitis que calefehler textmarke nict definiertfaciebat dauidem,Zwickau,Burchard,London
73,conualis ilustris siue ualis que uocatur ailon a betsan incipit et in sidonia terminatur et habet in longitudine milia stadia in latitudine uero in utroque litore et iordanis per medium eius currit,Burchard,Burchard,Zwickau
74,mons gelboe non ualde remote hinc ab occidente iminet mons gelboe in cuius pede aquilonali oritur fons magnus leucis a bersan qui dicitur fons iesrahel ad quem pilistim transtulerunt castra sua de susan saule cum exercitu suo inter ipsum et betsan constituto ubi cum filiis propetarum morabatur heliseus uadens de carmelo per sunam et betsan et per campestria iordanis in ierico unde in regum dicitur quod cum autet ire in ierico oportebat eum transire per sunan et hac occasione eam frequentare solebat heliseus de qua ila sunanimitis fuit que uenit ad eum in carmelum cuius filium suscitauit ubi etiam pilistim transtulerunt castra quando saul uenit in gelboe,Burchard,Burchard,London
75,non autem dicant domini penitus ipsa subtus omnino insuper scilicet anno domini festo omnium sanctorum dormiens in monte fui cum penitus infusus nocte ila,Zwickau,London,Zwickau
76,uia galaat galileam in sed ultra iordanem emim selim ramot galaat in iesrel uerum tamen est quod montes gelboe steriles sunt sicud omnes montes israhel,Zwickau,Burchard,Zwickau
77,gemnin de israhel leucis contra austrum est gemnim oppidum munitum quidem sed colapsum situm in pede montis efraim a loco a quo incipit samaria et terminatur in galilea quod geuwinum dicitur antiquitus geneba dicebatur et est terminus inter samariam et galileam in hoc castelo sanauit dominus uiros leprosos quando transibat per mediam samariam et galileam de ilo loco ad tumolos iordanis contra orientem fere sunt leuce cui uie ab austro coniungitur terra tapne que habet montes altissimos,Zwickau,London,London
78,gemnim ad austrum leucis sebaste olim dicta quondam regni isrel dicebatur nunc peccatis exigentibus unicam habet domum nisi ecclesias honore sancti iohannis baptiste constructas quarum una sita monte de fecerunt sibi sarraceni maumeriam incolunt prope palacium regis cuius adhuc uidentur ruine greci beda sermone concordant etiam hoc quod hailem quam fuerit decolatus que galaat in samaria de sicud ideo nulam ibi potestatem tamen in maceruta ilic translatum abdiam et heliseum secundum historias et caput secunda fuit edificata in honore eiusdem iohannis ubi fuit sepultus et est in descensu montis pulcra ualde que nunc est maumeria,Zwickau,Burchard,Zwickau
79,quales sicud dicit similiter sufecerit pugilus ponita circumseptus tendens autem sustentabant uernalium platee erant ilius ut nabot que ibidem iuxta suum sancto dei ipsa palacium in transumatum,Zwickau,London,Zwickau
80,mons betel de samaria leucis contra austrum iuxta uiam que ducit sicem sarra sarraceni qui in galilea morantur ad dextram est mons betil,Zwickau,London,Zwickau
81,dan inde ad leucam mons dan supra ciuitatem sicem ad sinistram in quibus duobus montibus ierobona filius nabot qui peccare fecit isrel posuit duos uitulos aureos ut dicitur in regum inter istos duos montes sita est ciuitas sicem nunc neopolis dicta amenitate nimia et deliciis habundans sed munita non est nec muniri potest ulo modo nec aliud restat nisi quod hostibus accedentibus per partem unam ciues egrediendo fugiant per aliam si fuerint pautiores,Zwickau,Burchard,London
82,super sunt montes excelsi siue unus duo quibus deuteronomium super maior altior clamabant qui maledicebant qui benedicebant iebal iuxta uerbum domini deuteronomio super antiquissimum olimpiati de quo habetur libro macabeorum panum ierosolimitanis qui uolebat ilud iluc montem ad dominum in,Zwickau,London,London
83,ibidem etiam in pede montis selmon non longe a iacob ostenditur destructum credo esse sicen antiquam a mansione iacob dixerunt autem mii indigene quod skar appelatur in partibus ilis delicatum in pomeriis similibus,Zwickau,Burchard,London
84,distat autem ab ila que nunc neopolis dicitur quantum bis iacere potest arcus hanc autem que nunc est neopolis puto fuisse opidum tebes quod abimelec expugnauit,Zwickau,London,Zwickau
85,mansio iacob ad sinistram uero fontis iacob in latere montis ostenditur mansio iacob et predium quod dedit filio suo iosep extra fratres suos et est ualis longa et spatiosa et delitiosa tam in uino blando et oleo quam in aliis deliciis huius mundi,Zwickau,Burchard,Zwickau
86,lempna inde ad leucas contra austrum ad dextram secus uiam est lempna opidum satis bonum in latere sitis bonum montis situm ad quod obsidendum dicunt quidam sennacerip de lacis accessisse tempore esecie regis iuda ut dicitur iu regum quod ego non credo pro eo quod teg lac palasar et salmansar reges assiriorum iam pridem ceperant totum regnum samarie et transtulerunt tribus de quarum terminus erat ista lempna est tamen alia lempna non a longe a lacis et gabaon et cariatiarim contra mare magnum in tribu iuda ad quam uenit iosue interfectis  regibus quando transiuit de maceda in lempna de lempna in lacis de lacis in eglon de eglon in ebron de ebron in dabir que uia ulomodo declinat ad partes istas contra aquilonem imo omnino contra austrum,Burchard,Burchard,London
87,de ista lempna leucis contra austrum est opidum arcianatot magnum satis quod fuit in terminis tribus efraim nunc dicitur labira et fuit istis diebus milicie templi ista arcianatot que grece sicut dicitur antiquitus magmas dicebatur in cuius australi latere transit limes in uale separans inter efraim et beniamin inter lempna et magmas sunt montes excelsi ualde et uales prerupte et scopuli terribiles et loca horrida ualde et loca cauernosa et inter loca ila sunt ili scopuli duo per quos ascendit ionatas filius saul cum armigero suo reptans manibus et pedibus contra stationem pilistinorum,Zwickau,Burchard,London
88,gaba de isto loco ad leucam contra austrum est gabaa saulis ubi oppressa fuit uxor leuite que uenerat de monte efraim et redibat de ila fuit saul oriundus,Zwickau,Burchard,Zwickau
89,urbs sorte beniamin sita iuxta uiam de ea dicte quarum iuxta qua altera in beniamin pluribus etiam sed rama excelsus ile in,Zwickau,London,Zwickau
90,ierusalem ergo occurrit opidum ianon oliuetis ficetis inde ad leucas et pasel carit lacuit et istud opidum edificauit herodes magnus memoriam fratris sui paseli et eius nomine ilud appelauit et pulcrum ualde,Zwickau,Burchard,Zwickau
91,doc inde ad leucam uersus terram tapne est doc castelum in quo ptolomeus filius aboli cepit cum uxore et duobus filiis simonem macabeum in loco ilo uidetur plane terra ila galaat et terra de duarum tribuum et diridie opposita ultra iordanem et terra moab regis esebon usque ad campestria ierico et mare mortuum et descendendo de ilo loco in ualem peasel intratur ualis ilustris et deinceps sunt loca plana usque in ierico in utroque litore iordanis,Burchard,Burchard,London
92,pegor abirim nebo palga super iordanem orientali eius plaga nota tamen in ualde in latitudine aut miliariorum hinc inde similiter desertum idem usque ad,Zwickau,London,London
93,fons elisei sub monte querentene ad iactum arcus bis oritur fons elisei et efluit quem sanauit heliseus quia sterilis erat hic fluit iuxta latus australe in galgala et ducit ibidem magna molendina et postea ductus in diuersas partes rigat ortos et transiens ierico rigat cannas melis que sunt infra ierico et sic intrat iordanem,Zwickau,Burchard,Zwickau
94,ualis acor de galgalis ad leucam contra austrum est ualis acor ubi idem lapidatus fuit pro furto anatematis campus siue planicies ierico habet in logitudine stadia in latitudine in hoc campo et merabolam crescunt et ciprum nascitur et incara multa nimis,Zwickau,Burchard,Zwickau
95,capela sancti iohannis inde sunt leuce contra orientem ad iordanem ubi est capela sancti iohannis baptiste ubi creditur dominum baptisasse dicunt tamen nonnuli eum baptisatum iuxta emim et salim non longe a montibus gelboe in becara que est similiter supra iordanem sed in litore eius orientali secundum iohannes a ubi erat iohannes baptisans quia aque multe erant ibi et erat locus ile quasi circa medium terre sancte et facilior populi accessus ad ipsum sed teneat quisque sicud quod autit,Zwickau,Burchard,Zwickau
96,nota leucis secus mare mortuum ad leucam betagla locus fletus ubi filii iacob planxerunt circa funus patris sicud dicitur genesis ultimo et distat per leucam a iordane ubi habitant monaci greci,Zwickau,London,Zwickau
97,ostenditur in litore eius orientali circa medium eius castrum munitissimum quod baldewinus rex ierusalem edificauat appelans ilud monreal quod nunc karac dicitur olim tamen petra deserti dicebatur petra ciuitas isti adiacet antiqua ciuitas petra dicta ubi fuit quondam sedes arciepiscopalis et fuit metropolis tocius arabie primo tamen dicebatur rabat filiorum amon quem cepit dauid et regnum eius optinuit imo ab iluc misso ubi irias fuit in eodem litore interfectus,Zwickau,London,London
98,in parte arabie dicitur esse segor ciuitas ubi est statua salis in quam secundum genesim uxor lot uersa fuit pro qua uidenda plurimum laboraui sed dixerunt mii sarraceni quod locus ile distabat per leucas et erant loca per que transiturus eram plena periculis propter leones et alias bestias et serpentes et plura alia preterea madianite et ismahelite excubant ibi circa greges suos et camelos qui sunt omnino inhumani et siluestres numquam sub tecto sed semper sub diuo morantes et sub pelibus camelorum qui uli parcunt sexui aut etati sed sunt raptatores crudelissimi et latrones et dixit admiraldus de ierico quod sarraceni armati uix possent transire secure loca ila sepe etiam ut dicebat intumescit mare ilud et egreditur litora sua et interdum ipsa statua aqua maris operitur quod uideri non potest aut in parte aut in toto ista omnia retraxerunt me quod non processi,Burchard,Burchard,London
99,iosepus dicit istud longitudine credo esse uerum uix diete ilo mare rubrum dicunt quidam ilud continuari cum rubro aquas ilas exodo aque marac dixit patriarca iesorolimitanus grecus sepe locum ilum uidit latitudine stadia habet mare ilud latitudine occidente orientem tenebrosus quasi in longitudine uero ab in austroque amplius quam mii dicebant dicuntur ilo mari hoc quia possum ualis dicitur in rei ueritate eiusdem quod in usque ad inutile ut que interdum si tamen tantum cannemelis palme pauci irrigantur de elisei certe deo insequitur quod etiam soluat ultra iam et sunt et aut spatia ile atingere inpelente,Zwickau,Burchard,London
100,dicunt quidam iordanem mari ilo suas aquas non miscere sed terra prius absorbitur sed contrarium uerum est quia et intrat et exit sed post exitum post modicum spacium absorbetur hoc mii per certo dixerunt sarraceni excrescit autem mare de aquis iordanis et pluuiis et niuibus cadentibus in terra moab et amon monte seir terra iuda et torrente arnon et caric qui iluc influunt,Burchard,Burchard,London
101,siue inde leuca dicta supponens nudam terram tangentem aliqui iam pridem regnauerat adhoc ilo demonstrantur quem appelatam ili uersui lusa autem instrui ea salomone edificatum fateantur appelari longo post i tempore constat esse factum preterea super betleem dextram quondam sicen,Zwickau,London,Zwickau
102,in litore occidentali maris mortui leucis de ierico est sangor opidum sub monte engadi amenum nimis ubi crescunt pona et fructus pulcerrimi sed intus plena fauila et in engadi tamen quondam fuit ortus balsami sed modo translatus est in babiloniam egipti,Zwickau,Burchard,Zwickau
103,sunt tamen adhuc ibi uinee ualde bone sed non colunt eas sarraceni et cristiani non habitant ibi in locis tutissimis engadi quondam latuisse dicitur dauid et uiri eius et sunt in rei ueritates ibi montes mirabilis dispositionis prerupti rupibus et ualibus que etiam uidentibus horrorem incuciunt sunt etiam ibi alia loca in quibus dauid dicitur latuisse ut colis acile sip et ceila carmelus et desertum maron de quibus omnibus suo loco dicetur et sequitur desertum sin et desertum paran et desertum quod de bersabee ducit ad montem sinai per quod ambulauit helias,Burchard,Burchard,London
104,bacurim inde leucis contra occidentem est bacurim de quo fuit semei qui maledixit dauidem cum fugeret a facie absolon filii sui et est in alto monte situm in tribu beniamin,Zwickau,Burchard,Zwickau
105,betania hinc quantum bis iacere potest arcus adiacet betania contra ierusalem castellum marie et marte in eodem monte sed modico dimissius situm ibi ostenditur hodie domus earum et ecclesia in honore earum facta et mirabili pictura decorata sed sarraceni omni imagini oculos eruerunt et in ipsa ecclesia pecora locauerunt ostenditur ibidem sepulcrum lasari in capela quondam ualde pulcra et sumptuosa marmorea que cum ipso sepulcro multum a sarracenis honoratur domus etiam simonis ibidem est in qua magdalena unxit dominum,Zwickau,Burchard,London
106,ortum istum balsami in babiloniam translatum cum essem in egipto anno domini oculis meis uidi mandauit enim me soldanus babiblonie in ilum duci per milites suos et tuli de ligno balsami in bona quantitate uidi insuper modum balsamum coligendi et balniatus sum in fonte de quo irrigatur in hoc etiam beata uirgo puerum iesum sepe fehler textmarke nict definiertbalniata est dixerunt mii cultores eiusdem orti quod boues qui trahunt aquam de ipso fonte a meridie diei sabati usque ad ortum solis die lune ulomodo trahere uolunt aquam etsi occiderentur habet autem in longitudine quantum bis iacere potest arcus in latitudine uero iactum lapidis manualis et dicitur esse dimidius mansus folia in modum rute habet sed lucidiora parum,Burchard,Burchard,London
107,betfage de betania modico interualo in uale inter montem oliueti et montem ofensionis est betfage uiculus nunc desertus a sinistris uie que de betania ducit in ierusalem in latere australi montis oliueti,Zwickau,Burchard,Zwickau
108,ualis ofensionis hic uero mons oliueti habet ad sinistram montem ofensionis et sub ipso modo contra austrum est ualis filiorum ennon siue topet aut ualis occisionis,Zwickau,Burchard,Zwickau
109,sed quia que in ea facta sunt uniuerse cristi sonant ecclesie non credo quin omnis deuotus cristianus hec cum deuotione recolatur omni die suo agens gratias redemptoris qui nostram salutem est in ea mirabiliter operatus et etiam hec ideo pertranseo tamquam nota et que nulus fidelium merito debet ignorare,Zwickau,Burchard,Zwickau
110,de situ ierusalem habens montes quibus destendit occidentem gion dependet fabulantur constructa fuerat porta locuntur fuisse stultissimum ad transferire amplificata inhabitatur ibi tanta in ego mensuraui ciuitatem ipsam ueterem secundum erat tempore passionis dominice et inueni per diametrum a porta ualis usque ad ueterem passus et ila antiquitus latitudo ciuitatis que hodie plurimum,Zwickau,Burchard,London
111,quidam sicud suficeret circuitum quam colo eiusdem incuruabatur ab turrem iterum ab aquilonale ab ipso latus australe domini situm tunc est ibi diuisio est sed aliquibus locis,Zwickau,London,Zwickau
112,uale uoragine bono interualo occidentem procedens alia habens a altam rupem similiter eminentem edificatus a occidentis incipiebat monte a parte aquilonalis portem sterquilinii ante atrium transiens ualis siloem ile,Zwickau,London,Zwickau
113,loge est que porta ualis et descenditur dicebatur porta adducebantur adheret ananeel in parte aquilonali que etiam nebulosa siue afel dicitur huius adhuc manent,Zwickau,Burchard,Zwickau
114,superiori distat piscinam iuxta hanc acas perfecit secundo tamen inferiori aquarum gion intelige isaie dextram piscine siue natatoria que sub ipso sita est recipiens ab ea a,Zwickau,London,Zwickau
115,plures erant piscine una que porticos salomon ea alia hodie existens que eseciel sicud item uale iosapat pede montis regia salomonis contra aqueductum fontis dicebatur iuxta natatoriam siloem eam parum ad occidentem aqueductum inferiori has duas eseciel comuni utilitate ciuitatis aliquando ila enim super aute glossa hic stare fons intra uale iosapat mons ciuitatis altus desuper alcius amplius quam uerum habebat nam gion inferiori inferior agro fulonis sub sion constituta ut dicit glossa ea per aqueductum descendebant aque in natatoriam que sub ipsa erat ut dictum est in quod erat in pro eo quod in se lauabant sacerdotes in templo ministrantes,Zwickau,Burchard,Zwickau
116,beate beate absque dubio aliquantulum eo etiam testitudinata capele modice edificatum terra fere pedes autem sepulcrum beate uirginis ecclesie eiusdem marmore mirifice aliquando ualis sub terra erunpens eam oscium,Zwickau,London,London
117,iuxta capelam siue edificium intrasti pedes hoscium getsemani similiter uigilate orate cetera eorundem ibi sessiones captus dominus concaua lineamenta capitis inpressio inpressionem lapidem ministris et quod lapide ulo maleo aut instrumento et in apparet inpressio digitorum dulcis iesu fuisse lapis ile,Zwickau,London,Zwickau
118,fons siloe inde contra locum istum directe ultra ualem in pede montis sion sub regia salomonis est fons siloe de quo per aqueductum fluunt aque in piscinam superiorem et natatoriam siloe que ambe in pede montis sunt site,Zwickau,Burchard,Zwickau
119,accedit insuper ad easdem piscinas fons gion inferior situs in pede montis gion contra agrum aceldemac iuxta locum ubi stetit rapsaces quando domino exprobauit et esecieli et sedenti populo super murum idem etiam est aqueductus ubi isaias occurrit acas ad preceptum domini,Burchard,Burchard,London
120,ilas coligitur ciuitatis uersus aquilonem sepulcrum regine supulcro inde sub monte siue filii ennon imolauit uictimas est sepulcrum isa iuxta piscinam qui uix quantum bis potest torrente cedron irrigantur piscinis supradictis,Zwickau,London,London
121,latitudine habet intra muros girum pedes ego per memetipsum mensuraui per diametrum uero pedes supra ut sancti sepulcri golgata ecclesia huic et oblonga sancti sepulcri sunt,Zwickau,Burchard,Zwickau
122,dexteram septentrionalem superificie pendunt de aliud non habere quia ile exterius ila de ila aliam anteriorem ab ostio monumenti ile stat in spelunce hoscium medietas in monte ibi,Zwickau,Burchard,Zwickau
123,caluaria golgata ab isto ubi ubi sanguis adhuc rupe se bene recipit faciem infixionis sanguis apparet adhuc quia ipsa ipsa golgata nota quod ibidem edificatus ad manum sinistram crucis satis stratum crucis quedam bene ita capax hominis bene capiat profundata petra,Zwickau,London,London
124,inuentio crucis a loco isto ad pedes contra orientem descenditur gradibus ad locum ubi ab helena crux fuit inuenta et est capela longe infra terram,Zwickau,Burchard,Zwickau
125,beate uirginis dicunt aliqualiter tamen declinans ad austrum locus contra ipsa occultata usque ad tempora helene regine qui locus non distat a golgata nisi pedibus egomet mensuraui,Zwickau,London,Zwickau
126,situs ierusalem ierusalem sita est in loco multum eminenti et de ea uidetur tota arabia terra moab et amon montesque pegor pasga nebo et abarim ultra iordanem usque ad petram deserti nec uidi ciuitatem aut locum alium qui pulcriorem haberet prospectum ad ipsam insuper ascenditur ab omni parte quia sita est in loco eleuatiori qui est in terra ila preter silo que distat ab ipsa per leucas que est altior omnibus locis terre sancte sita ab ierusalem inter occidentem et aquilonem et est de gabaa saulis ad leucam de rama similiter,Zwickau,Burchard,London
127,inde per leucam est gabaon ciuitas magna cuius incole miserunt ad iosue in castra galgale et fecerunt calide cum eo fedus pro qua etiam liberanda iosue pugnauit contra reges,Zwickau,Burchard,Zwickau
128,inde leucis contra occidentem est lacis que erat de filiabus gabaon cuius regem ioser interfecit quando etiam obsedit sennacerip rex assiriorum tempore esecielis,Zwickau,Burchard,Zwickau
129,inde leucis inter occidentem et austrum est cariaciarim que dicitur urbs siluarum que fuit una similiter de urbibus gabaonitarum ubi etiam quieuit arca domini annis,Zwickau,London,Zwickau
130,de kariacarim leucis et dimidia est betsanies opidum iude ubi reducta fuit arca domini de acaron ili uero miserunt eam in kariatiarim ubi ut dictum est mansit annis,Zwickau,London,Zwickau
131,de ierusalem usque ramatasopin sunt leuce de ista fuit samaut oriundus dicta etiam fuit arimatia et fuit de ea iosep nobilis decurio qui a pilato peciit corpus iesu nunc comuniter dicitur ramula,Zwickau,London,Zwickau
132,inde leucis distat ioppe contra occidentem ubi ionas intrauit nauem uolens fugere in tarsis a facie domini ibi est hodie hospicium petri ecclesia iuxta mare sub rupibus sunt adhuc ibi stopuli ad quos secundum fabulas dicitur andromade fuisse religata a marina belua deuoranda quam perseus liberauit,Zwickau,London,London
133,betlehem de ierusalem leucis contra austrum sita est betleem ciuitas ila ueri dauid orta insignis in sinistra parte uie que ducit in ebron ad iactum arcus prius tamen occurrit sepulcrum racel ad dexteram uenientibus de ierusalem ad orientem uero betleem ad aut iactus arcuum est turris gregis ubi pecora sua pauit iacob et angelus domini in nocte et hora naciuitatis cristi pastoribus cum luce magna apparuit betleem est sita in monte longo sed arto ab oriente in occidentem se extendens in longum betleem distat ab ioppe per miliaria et habet in longitudine passus,Zwickau,Burchard,Zwickau
134,presepe domini in cuius fine orientali in rupe quadam que erat in quodam diuersorio sol iustitie ortus est huic mundo iesus cristus iuxta rupem autem ila aut pedibus dependet alia rupes capatior sub qua erat presepe in quo dulcis puer ile coram boue et asino pannis inuolutus fuerat reclinatus ad locum autem huius beatissime naciuitatis descenditur per gradus quia est sub terra cuius causam superius assignaui,Burchard,London,London
135,capela presepis capela in qua etiam est presepe tota facta est opere mirifico strata marmore sarraceni in magna reuerentia habent ecclesiam istam pre ceteris ecclesiis uirginis gloriose omnes tamen eius ecclesias honorant et reuerentiam eis exhibent spetialem,Zwickau,Burchard,Zwickau
136,ila parietum iussit deportari babilonemuolens decorare ministris prime medium latitudinis confracta est tertiam cetera ordinem am et ab incepto animum decerpsit et tractus apparuit notabiliter combustio et similiter per et sicud,Zwickau,Burchard,Zwickau
137,de betleem ad leucam contra occidentem est beseel uila que habundat electo uino ita quod in terra sancta non inuenitur melius incole huius uile omnes sunt cristiani et habent de soldano de hoc priuilegium spetiale,Zwickau,Burchard,Zwickau
138,engaddi inde de betleem leucis contra orientem est engadi ubi sunt montes et loca tutissima in quibus latuit dauid ubi abscidit oram clamidis saul clanculo in spelunca hec loca sunt supra mare mortuum ubi erant uinee balsami que postea in babiloniam sunt translate inde leucis contra austrum est colis acile ubi similiter latuit dauid a facie saul,Zwickau,Burchard,Zwickau
139,ceila inde leucis contra austrum est colis acile ubi similiter latuit dauid a facie saul fere est ciuitas ceila quam initus fuit dauid a pilisteis quando etiam expugnare uoluit saul propter eum,Zwickau,Burchard,London
140,inter ceilam et betleem medio loco leucis de betleem est tecua ciuitas in qua fuit amos propeta ubi et sepultus est quem ocosias uecte per timpora transfixit hinc adiacet desertum tecue contra orientem contra engadi et sunt ibi pascua bona contra mare mortuum,Burchard,Burchard,London
141,huic ad austrum adiungitur desertum maon et mons carmelus in quo habitabat nabal stultus cuius uxorem abigail dauid postea duxit huic deserto inter austrum et orientem adiacet mons seir altus quem iussi sunt filii isrel post longo tempore circuire et sequitur desertum magnum ilud in quo morati sunt annis circuendo terram amon et moab et per terram amorreorum usque ad campestria iordanis contra ierico,Zwickau,Burchard,London
142,de betleem contra austrum leucis est betgara uila in alto loco sita ubi in monte quodam uidi cum pluribus aliis totam arabiam usque ad montem seir et omnia loca circa mare mortuum et latibula omnia dauid iordanem insuper usque sartan et ciuitates pilistinorum usque gasarim et bersabee que sita est in uia egipti contra desertum de betgara,Zwickau,Burchard,London
143,ebron ciuitas de betgara leucis et plus est ebron ciuitas in qua primus homo conditus et sepultus est cum coniuge et maiores patriarce cum coniugibus suis apud eorum sepulcra ibidem fui uerum est quod ebron ila uetus in qua olim habitauerunt gigantes cariatarbe dicta sita in monte quem expugnauit calep filius iepore et in qua regnauit dauid annis penitus est destructa ebron distat ab ierusalem per miliaria,Burchard,Burchard,London
144,habens quo similiter abrahe conuertentes locata polita fusca antiquitate aqua diluuii si tamen tunc fuerant ciboria urniorum locati sit talis sicud pro ea aliam ciuitatem parum ualentem speluncam uero duplicem modo muro munierunt fortissime lapidibus aut quod non munitum ibidem maumeriam fuit ea plus honorant istam maumeriam sepulcrum munierunt eam sicud dictum,Zwickau,London,Zwickau
145,ager damascenus ager damascenus in quo plasmatus fuit adam est medio loco inter ebron ueterem et speluncam duplicem ab utroque distans quantum iacere potest arcus aut parum plus ager ile in ueritate multam rubeam habet terram et flexibilem sicut ceram de qua et tuli similiter faciunt omnes cristiani et sarraceni et tamen monita apparet fossio in ilo loco dicitur enim quod semper post annum fossa miraculose repleatur sed oblitus fui querere ueritatem certum est autem quod quicumque secum portat de terra ila numquam animal eum ofendit nec cadit nec infunditur,Zwickau,Burchard,London
146,fons abrahe de ebron leuca iuxta puplicam stratam ostenditur fons abrahe in conuale manbre et iuxta est terebintus siue ilex ila sub qua dominus comedit et angeli abraham ministrante ante tabernaculum abrahe cuius adhuc uestigia ibi manent uerum est quod antiquitus terebintus aruit et de radicibus eius noua surrexit de cuius fructu et ligno tuli in magna quantitate et habet folia maiora quam lentiscus sed fructus omnino sicut quercus,Burchard,Burchard,London
147,de portis ierusalem de portis autem que fuerunt et sunt hodie et de diuersitate earum nota quod tamen porte antiquitus erant ierusalem et sunt hodie et quedam ex eis habuerunt plura nomina,Burchard,Burchard,Zwickau
148,fuit pro eo quod inminebat dicta fuit porta insuper super dextera ioppen hec rapan quod distabat de ierusalem leucam uersus uiam plurime ferebantur hec porta antiquitus muro ueteri adhuc coniungitur eidem adhuc hodie murus portis ilius que fuit apponita propter sepulcrum domini includendum,Zwickau,London,London
149,ueteri uetus aparte dicta ibi iuditia agitabantur fuit non longe ab ea extra pilatus sedit pro tribunali antiquo porta dicta betoron gabaon et lacis et cariaciarim quo loco una nocte,Zwickau,London,Zwickau
150,gregis orientem supra gregis inmolandi latere aquilonali templi descenditur hinc anandel nebulosa siue opel propter eius altitudinem unde ilud edificabitur domino ciuitas a turre anandel usque portam anguli que porta beniamin turrem herodes magnus instaurauit et paselum appelauit ilam in et et,Zwickau,Burchard,Zwickau
151,aurea supra orientalis a superiori nota hec fuit sicut cetere quedam portula quam templum testitudinem transibat ualem hanc que dicitur exteriori ducit precedens,Zwickau,London,Zwickau
152,est moria orientalis supra ubi isti duo montes conueniunt dicitur fontis ducit natatoria filii ennon necessarie autem nula ibi quia prohibebat undique,Zwickau,London,London
153,de montibus montes autem circa ierusalem sicut erant isti ad orientem ciuitatis contra templum erat mons oliueti maior et altior ceteris montibus qui erant circa ila,Zwickau,Burchard,Zwickau
154,ab ilo inter austrum et occidentem situs ager aceldemac ad austrum ciuitatis cui ab occidente adherebat ager fulonis que loca ambo sunt montuosa,Zwickau,London,Zwickau
155,post hec sequitur mons gion ab occidente supereminens ciuitati sed paulatim deficiens ita ut supra portam ueterem aut iuditiariam iam sit terra plana usque ad portam beniamin cui ad dexteram adiacet ile mons ubi salomon idolo moabitarum camos templum e regione montis oliueti construxit ubi postea tempore macabeorum edificatum fuit castrum cedrona stadiis ab ierusalem unde fuerunt ciues multiplicer infestati,Zwickau,London,London
156,uerum est autem quod in terra ipsa non inueniuntur pira nec poma nisi ualde raro nec cerusa nec nuces et fructus alii plures quorum copia est ultra mare sed de damasco sunt et diu non durant propter nimiam in arbore decoctionem,Zwickau,Burchard,Zwickau
157,greci cristianos dicunt fere scismatici siriani omnes mortali odio persecuntur egipcii igne omnes isti ieiuniis ita in sunt procumbunt et et que sunt et se latinos etiam fuerit,Zwickau,Burchard,Zwickau
158,latinis ibidem habitantibus homicidia hec secundum inde ilic trans mare expendunt atulerunt conquirere recipiunt ilic honorem fraundantur filios fiunt contigit contemptum elocati corporis milia meretricium aconensi que est abhominales quod sed et dominus et,Zwickau,London,Zwickau
159,biricum biblum maronite milia sinnoim krac circa anteradum milia ego transiui pro maiori eorum inde nunccium negociumo ad in parte et ferocitatem,Zwickau,Burchard,Zwickau
160,siue turcomanis sicud memetipsum sarraceno macmeti mii presentibus quam miliaria parti impugnantur sarracenis contingit cristiani sicud in silitia minore et capadotia sunt,Zwickau,London,Zwickau
161,catolicus apud laicois aliquo sicud apud matutinas matutinas matutinas non canticum i autem alias eis uercapete qui non numquam uero multum,Zwickau,London,Zwickau
162,aiacium maloram opinatissimam carsum curkum croco seleucam capadotia ptolomadem galca polomaide doram ioppen samaria ascalonem marie uirginis predicta scilicet tafnis mempis leucas ciuitas bodowini imunitum habundat sicud de in inde usque,Zwickau,London,Zwickau
163,loco sicud semenut ile ile ramases ile uile totum tria pelis sicud rinoconsa sicud ualde super tamen bairum etiam duas ila unum tamen senen inde meroen ciuitatem similiter miliaria umbra et merore in usque ad qui sunt et est inmeabilis,Zwickau,Burchard,Zwickau
164,maria isaie terra multum temperantior supra micelis ligno etiam coltores ipso scipite sicud odorifera ile nicil sti ile ubere balniasse reuerationi et,Zwickau,London,Zwickau
165,queo quam sed sed ciparum felitinum anaginam fortunum antonii uespesiani s alexii s s s s stefanum constancieni s dicebatur s etiam s sc s,Zwickau,London,Zwickau
