,breslau text,london VS burchard classifier,zwickau VS burchard classifier,london VS zwickau classifier
0,dilectissimo in cristo iesu patri burghardo lectori fratrum ordinis predicatorum in madeburc frater burghardus de monte sion cum omni deuotione orationes in domino iesu cristo quid uobis scribam pater karissime non inuenio deficit stilus lagwet ingenium os enarrare non suficit que bona mici dedit dominus qui in omnibus desiderium meum adimpleuit ecce loca omnia sancta terram sanctam quam uniuerse cristi ecclesie nocte dieque sonare non desinunt deuotionis pedibus circuire oculis uidere manibus atrectare mii concessit ad libitum bonus ile iesus qui eam inhabitando et uerbo doctrine iluminando et iluminatam suo sacratissimo sagwine consecrauit certe delectabile est ad hanc terram aspirare delectabilius eam uisitare et super omne mel et fauum dulcius in ea comorari et oculis corporeis intueri et mentis intelectu reuoluere quomodo in locis singulis in ea nostram salutem sit dominus operates,Burchard,Burchard,London
1,uenerabantur quondam iudei sancta sanctorum quia ibi erat arca testamenti cerubin propitiatorium urna aurea contines manna et uirgam aaron nonne uenerabilius est sepulcrum dulcis ilius iesu quod quotiens quis ingreditur totiens inuolutum sindone mentis oculis uidet iesum et paululum procumbens lapidem uidet reuolutum et agelum in eo sedentem et sudarium ostendentem quis ad hanc terram totis desideiis non anhelat quis cristianus non relictis omnibus que habet cum parentibus et amicis conato gradu posteriorum oblitus ad anteriora se extendat et ueniat betlehem uidens ibi puerum iesum in presepio uagientem mariam in diuersorio sub rupe concaua parientem angelos pastoribus deo gloriam et pacem hominibus decantantes et quod plurium est mirandum quomodo tres ili reges mages tate preclari ante presepe ado rant non habentem desuper tectum ut hodie cernitur nisi rupem de monte pendentem ueniat post hec in ierusalem uideat iesum in templo predicantem turbas docentem in monte oliueti sedentem in monte sion cenantem discipulorum pedes lauantem corpus suum tradentem in getsemani orantem et sudorem sagwineum sudantem traditorem osculantem ilusum consputum iudicatum crucem baiulantem sub pondere crucis in porta ciuitatis ubi hodie cernitur deficientem cirreneum succedentem in caluaria passionis misteria celebrantem horum omnium locorum et singulorum adhuc ita plena est memoria sicut ilo die extitit quando hec presentialiter erant facta certe in hac urbe tot sunt domini passione et factis uenerabilia quod nulo modo dies suficit ad peragendum,Burchard,Burchard,London
2,sunt preterea que deuotionem excitant ampliorem quis enim enarrare suficit quot monaci quot moniales de georgia armena caldea india nubia siria etiopia turmatim centeni ducentem plus et minus discurrentes per loca singula in spiritu uehementi osculantur terram amplectantur loca in quibus dulcem iesum aut stetisse aut sedisse aut aliud quid egisse audierunt nunc tundunt pectus nunc fletus nunc gemitus nunc suspiria emitentes et gestum corporis et deuotionis quam foris ostendunt absque dubio intus habent quibus in lacrimas prouocant plerumque etiam sarracenos historias abraham caldeam rabot campum sennaar et duram prouincie babilonis que relinquentem domum patris egredientem cenam diuitentem ad terram hanc anhelantem inter betel et hai in bersabee in geraris in ebron tabernacula figentem uideo esecielem deserentem flumina babilonis super quam sedit in medio captinorum et ut ueniat in sion inter celum et terram capilo capitis subleuatum in ierusalem transuolantem quid dicam de uirgine gloriosa que postquam ad eam angelica facta est promissio licet iam sciret uterum suum tabernaculum esse dei non est contenta campestribus galilee sed statim montana conscendit uolens locis sanctoribus propinquare quid de patriarcis iacob iosep et fratribus eius qui quia uiui in terra esse non potuerit elegerunt in ea mortui sepulturam quid plura tarditatem ingemisco cristianorum nostri temporis qui tot exempla habentes tardi sunt de manibus inimicorum eruere terram quam consecrauit dominus iesus cristus suo sagwine uerum quia uideo uos deuotione afectum ea saltem aliqualiter imaginari que propter locorum distantiam non potestis corporaliter intueri obediens uestre iussioni et petitioni acquiescens ut uobis terram ipsam sicut est describerem licet sit dificile tamen dilectionis uestre intuitu aggredior quod mandastis hac omnino scientes quod nicil in hac decriptione ponam nisi quod presentialiter in loco existens uidi aut stans in montibus aliquibus aut locis aliis oportunis ubi accessum habere potui a sarracenis et surianis et aliis terre habitatoribus diligentissime interrogans que querebam annotaui totam enim terram eia domine deus uideo secundum ueteres sanctam a dan usque bersabee aut pedibus perambulaui aut diligentissime oculis consideraui aduertens autem studiose quomodo possem hec omnia utiliter describre ita ut a legentibus possent inteligi et imaginari facile comrehendi cogitaui centrum aliquod in ipsa colocare et circa ilud totam terram modo debito ordinare et ad hoc elegi ciuitatem aconensem licet non sit fere in medio terrre sed secundum longitudinem et latitudinem in extremis ut patebit et ab ea protraxi lineas ad nouem plagas mundi et quamlibet quartam diuisi ut responderent uentis et in hiis diuisionibus posui ciuitates et loca magis nota in scripturis secundum distantiam ab inuicem per miliaria et plagas celi que omnia ut melius possint imaginari mito uobis simul pelem in qua omnia ad oculum figurantur,Burchard,Burchard,London
3,suscipite ergo gratanter laborem meum quem libenter uestri causa assumpsi et comunicetis etiam aliis quos sciueritis in huiusmodi delectari stio enim quod multum ualet cuilibet legenti bibliam aut audienti hoc aut hec factum tali aut tali loco ualete in domino iesu cristo et sitis memor in uestris orationibus uestri pauperis pelegrini,Burchard,Burchard,Zwickau
4,primo ergo descriptionis inicium ciuitate aggrediar aconensi unde scire debetis quod hec ciuitas numquam fuit de terra sancta nec a filiis isrel possessa licet tribui asser in distributione terre fuerit assignata est autem in prouintia penicis sita habens ad austrum carmelum maris ad quatuor leucas et ciuitatem caipam ad pedem montis eiusdem ultra torrentem cison qui de caldea ueniens ibidem intrat mare magnum ubi elias propetam propetas baal interfecit,Burchard,Burchard,London
5,ad pedem eiusdem montis penitia uero regio extenditur amplius contra austrum usque ad duas leucas iuxta castrum peregnorum ad petram quandam que uocatur incisa et diuidit penitiam a palestina ubi etiam est limes arciepiscopatus cesaree palestine et tirensis que metropolis penicis ista penitia extenditur in litore maris in longitudine per plures dietas in laoditiam celesirie ciuitatem que est iuxta antiociam et habet ciuitates multas de quibus infra per ordinem dicetur numquam autem sicut mici uidetur per totam longitudinem fere in latitudinem extendit ultra quinque leucas sed est montibus altissimis ab oriente ei iminentibus ab omnibus orientalibus prouinciis separata extenditur autem sicut dictum est secundum longitudinem ab austro in aquilonem et est prima eius uila sub carmelo caipas habundans oliuetis uinetus et similibus amenitatem et comoditantis multis ab hac sunt leuce ab austro contra aquilonem usque in accon,Burchard,Zwickau,Zwickau
6,est autem accon ciuitas munita ualde turribus et muris fortisimis triangulam habens formam ut clipeus cuius due parte mari ambiuntur tertia campum recipit qui eam circumdat habens latitudinis duas leucas et plus in aliquibus partibus tam in agris et pascuis habundans quam in ortis etiam cardins in quibus diuersi generis fructus reperiuntur et est ciuitas ista multa militia munita et castris fortissimis scilicet castro regis ierusalem templariorum et hospitaliorum que etiam si domino placet possent expugnare omnes sarracenos,Burchard,Zwickau,Zwickau
7,procedentibus de accon contra directam uiam aquilonis primo occurit castelum lamperti ad tres leucas deinde ad alias tres leucas castrum scandalion quod alexander tirum obsidens dicitur construxisse satis amenum fontibus uinetis ficetis et oliuetis inde ad duo miliaria cernitur mirabilis ile puteus aquarum uiuencium iuxta uiam pergentibus tirum admirabili opere constructus quamuis autem singulariter dicatur puteus non est tamen unus sed tres eiusdem structure et dispositionis sed non eiusdem quantitatis unus enim qui principalis est habet fere cubitos in longitudine alii duo circa quadrati omnes et muris fortissimis de lapidibus maximis et durissimis ad altitudinem haste unius circumdati in quibus etiam coligitur aqua et exaltatur quod ad omnem partem aqua defluit ultra muros et deducitur per tracones et aqueductus per totam planiciem tiri et irrigantur de aqua ista cardini et orti uinee et ficeta et oliueta et canne melis que in tanta quantitate ibi sunt et cresunt in partibus ilis quod dominus tiri ut dicitur aliquociens recipit inde in redditibus milia bisantiorum aureorum distant autem fortes isti a mari magno modicus amplius quam ad iactum arcus et in isto modico spatio impelunt quatuor rotas molendini ualde magnas et statim in mare fluunt et sic posset de facili comprehendi quantas comoditates prestent incolis fontes isti,Burchard,Zwickau,Zwickau
8,de fontibus ilis ad unam leucam modicam est ciuitas tirensis ab accon sicut dictum est directe contra aquilonem sita de cuius preconio parum scribo quia et eseciel et propete alii de ea plurima conscripserunt est autem ualde capax et magno murorum ambitu in quinque pedes passum faciunt passus quorum centum uiginti quinque stadium milia ides octo facit stadia duplicatum leuci rupe durissima in corde maris sita et undique mari circumdata nisi contra orientem ibi eam nabucodonocor primo postea alexander fecerunt contiguam terre uix ad iactum lapidis ubi tamen cincta est triplici muro fortissimo et altissimo et ad pedes spisso qui etiam muri sunt muniti turribus fortissimis quibus in omnibus partibus mundi me uidisse non recolo firmiores quibus etiam turribus continutur arx ciuitatis munitissima habens quinque turres fortissimas quam expugnare non deberet totus mundus multe sunt in ea reliquie sanctorum origines ibi sepultus est et sunt ibi columpne ita magne marmoree et aliorum lapidum quod stupor est uidere,Burchard,Burchard,Zwickau
9,ante portam eius australem ad iactum duarum sagitarum ostenditur locus predicationis iesu cristi ubi mulier extulit uocem de turba dicens beatus uenter qui te portauit et cetera et lapis in quo predicans stetit iesus qui locus numquam arena aperitur licet arena ila leuis sit et uolatilis sicut apud nos niues motu uenti in ieme uolare solent et cumulos magnos facere iste enim locus in medio arenarum semper nudus remanet et estate et ieme quod est in terra sancta ualde rarum est etiam locus ibidem magis uiridis et herbosus ubi dicitur mulier ila sedisse que extulit uocem de turba,Burchard,Burchard,Zwickau
10,recedentibus de tiro uersus sidonem primo ad duas leucas occurit fluuius elenterus ad quem usque ionatas persecutus est regem demetrium iste fluuius uenit de iturea siue galilea gencium de confinio ilo quod dicitur terra teop et fluit sub castro beaford quod fuerat milie templi procedens iuxta orma quousque iosue persecutus est reges et sic decendit in mare magnum,Burchard,Burchard,London
11,ultra fluuium istum ad duas leucas est sarepta sidoniorum in litore maris ante cuius portam ostenditur locus ubi elias uenit ad uiduam sareptenam deinde est quedam capela edificata ubi eius filium suscitauit et ubi erat cenaculum in quo quieuit,Burchard,Burchard,London
12,de sarepta ad duas leucas est sidon magna quondam cuius ruine adhuc eius magnitudinem atestantur que etiam uix crederentur si sribotetur est tamen de ipsis ruinis alia modica ciuitas edificata munita quidem multum si haberet defensores et est fere tota in corde maris sita habens hincinde duo castra multum munita unum in cole contra campum et aliud in rupe quidem in corde maris quod edificauerunt primo teutunici peregrini et modo ruina ista cum terra adiacente sub domino sunt milicie templi terra fertilis et amena habundans omnibus bonis et ere sanissimo et non uidi in terra ila locum mii plus placentem,Burchard,Zwickau,Zwickau
13,ducilibanus distat ab ista ciuitate per leucam et dimidiam et ibi habetur uinum delicatissimum de quo dicitur in propeta memoriale eius uinum libani ante portam sidonis ostenditur una capela in qua etiam celebraui in quo loco locutus est domius cananee et sanauit filiam eius,Burchard,Burchard,Zwickau
14,in uia que ducit cesaream pilippi et ituream ultra sidonem ad nouem leucas est ciuitas ualde nobilis et antiqua beritus ubi dicitur domius predicasse ubi etiam iudei eius imagini iludentes et eam crucifigentes de pasta factam ut dicitur sagwinem de ipsa miraculose in magna quantitate fuderint que in ueneratione habetur per totum orbem,Burchard,Burchard,Zwickau
15,hucusque contra partes aquilonis processi in laoditia loca non uidi sed ex relatione dedici nobiles ibi esse ciuitates quas cristiani incolunt in litore maris sitas et primo post beritum ad nouem miliaria gibilec que in eseciele ubi de tiro agitur biblium appelatur deinde ad miliaria botrum deinde milia metropolim que est ciuitas nobilis et munitisima sicut tirus habundans tam pomeriis et uineis quam aliis comoditatibus que dicuntur inde dari omnibus locis mundi,Burchard,Burchard,Zwickau
16,iuxta hanc est fons ortorum fluens impetu de libano qui amenitate sua comendat totam terram mirabiliter iuxta hanc etiam in ipso fundo maris de mediis aquis eius erumpit fons dulcis et bonus ualde de quo aquam hauriunt ciues ipsi post tripolim sequitur tortoso ciuitas gloriosa que sita est in patriarcatu antioceno antiquitus incoradum dicta quasi ante rodum sita in maris corde iuxta hanc contra libanum situm est arcis castrum quod aracdius post diluuium edificauit ut dicit glosa paralippomenon et ultra antetriadem est nobilissima et maxima ciuitas laoditia que comunis est et cristianis et sarracenis de cuius ruinis et structuris mirabilia referunt post hanc sequitur celesuria in qua est antiocia deinde armenia minor que etiam cilitia nel litia aut certe licaon dicitur in qua est metropolis tarsus ciuitas de qua fuit paulus ultra sequitur turbia in qua sunt iconium terbon et listris que regio pro parte capadotia dicitur et est metropolis huius cesarea capadacie hucusque contra lineam aquilonis directam sufitiat processisse,Burchard,Zwickau,Zwickau
17,transeamus iam uersus orientem nos ab aquilone paululum retrahentes et incipiamus ab accon a centro ut diximus unamquamque distinctionem peruagantes et semper in fine in accon reuertentes in secunda igitur distinctione que ab aquilone uersus plagam orientalem incipit declinare procedendo de accon ad miliaria occurit mons fortis castrum quondam domus teutonice sed nunc penitus est destructum inde procededo directe contra damascum ad leucas occurit toronum castrum munitum ualde et alto loco situm distans a tiro per septem leucas quod etiam domius tiberiadis contra tirum edificauerat cum essent in ea sarraceni deinde ad tres leucas ciuitas antiquitus asor dicta in qua habitauit iabin rex ile potens qui cum iosue cum regibus pugnauit ad aquas maron de qua etiam dicitur iosue xi munitissima flama consumpsit ista circa tempora incarnationis domini dicebatur iotapata et est in galilea gencium siue iturea sicut et turonum quam etiam iosepus mirat contra romanos et in ea obsessus et captus fuit sicut ipse mici testatur et fuit munita ualde et monstrantur eius ruine usque in presentem diem ista distat a tiro per leucas contra orientem,Burchard,Zwickau,Zwickau
18,deinde contra damascum procedendo ad leucas occurit belenas in pede libani montis sita que quondam lesen uocabatur et cum esset procul a sidone hoc est fere leucis et cum nemine quidquam societatis haberet sita in regione rocolo ceperunt eam filii dan et appelauerunt eam dan nomine patris sui unde dicitur sepe congregatus est omnis populus a dan usque bersabee postea pilippus tetrarca appelauit eam cesarem pilippi in memoriam scilicet sui nominis et honoris tiberii cesaris dicta est etiam paneas grece sed nunc comuniter dicitur belenas,Burchard,Burchard,Zwickau
19,super hanc hinc inde in decliui in latere montis libani oriuntur duo fontes ior et dan qui post modicum confluentes oficiunt iordanem qui post longos circuitus mare galilee ingreditur medio tamen loco inter mare galilee et ciuitatem belenas iordanis fluuius quandam ualem ingrediens in stagnum coligitur quod dicitur ad aquas maron ubi sicut in iosue dicitur iosue cum iabin rege asor et aliis regibus reflexit et uictor existens persecutus est eos usque ad aquas masrepa et usque ad sidonem magulin hec aqua tempore esti pro magna parte exiccatur et cresunt ibidem herbe et arbusta et herbe multum condense et tunc latitat ibi multitudo leonum ursorum et aprorum et sunt ibi uenationes regie medietas huius ualis constituta est in hac secunda distinctione alia medietas in sequenti tertia uidelicet de qua ibi dicam terra autem que est ultra has aquas et etiam ultra iordanem usque ad libanum qui heret ad sinistram et usque ad montem hermon appelatur in iosue planicies libani alias autem pars traconitidis regionis et hec sufitiant de hac distinctione secunda,Burchard,Zwickau,Zwickau
20,in tertia autem distinctione huius quarte aquilonaris que terminatur in ipsa linea orientis incipiendo ab accon primo occurrit terminum casteli dicti iudit quod distat ab accon leucas deinde castelum regium ad leucas post hoc ad leucas ualis semini ubi abir cineus extenderat tabernaculum cuius uxor iahel ibidem sisaram clauo tabernaculi in terram defixit,London,Burchard,London
21,ab isto loco contra austrum fere ad leucas est ciuitas sepet et castrum munitissimum quod fuit milicie templi sed nunc soldanus possidet ilud inde fere contra aquilonem ad quinque leucas contra ualem semini est codes neptalim de qua fuit barac ciuitas fugiciuorum nobilis ualde et habundans omnibus bonis in ista etiam adhuc ostenduntur magne ruine et sepultra gloriosissima antiquorum,Burchard,Burchard,Zwickau
22,de sapet ad duas leucas contra orietem siue mare galilee modico interualo ostenditur mons in quo dominus pauit quinque milia hominum et fecit sermonem ad discipulos et descendens tetigit leprosum de cedes ad duas leucas alia est medietas ualis siue aquarum maron de qua dictum est supra transit autem iordanis per medium huius ualis et egrediens de ipsa ripa contra orientem dirigit cursum suum ad ciuitatem corrosaim et ibi mare ingreditur galilee tota autem hec regio que litus iordanis occidentale occupat usque ad montes tiriorum et sidoniorum et acconeum qui penitiam ab ipsa seperat tam in ista tertia diuisione huius quarte aquilonaris quam in secunda iturea dicitur siue galilea gencium siue kabul regio uero que est ultra iordanem etiam aquas maron et occupat litus iordanis orientale a ciuitate belenas siue cesarea pilippi per planiciem libani usque ad montem hermon et ciuitate baalgat et inde contra austrum usque ad terminos bostron et mare galilee per uiam que ducit ad occidentem usque corrosaim appelatur traconitidis eo quod terra ila omnino aquis fluuialibus careat et indigene de aquis pluuialibs colectis in cisternis per tracones aquas de loco ad locum oportunum ducant ut et se et pecora sua alant hec ergo dicta sufitiant de quarta septemtrionali,Burchard,Zwickau,Zwickau
23,sequitur de quarta orientali huius principium sicut omnium aliarum incipit in accon et procedit directe contra ortum solis equinoxialem iuxta latus castra sepet australe in pede montis qui uocatur mensa in quo loco apparuit dominus discipulis piscantibus post resurrectionem et inde per caparnaum et corrosaim ascendit in montem seir usqe ad lacus cedar septemtrionale et inde usque in aran hec linea ad literam est uia que ducit ad occidentem sicut dicitur in tobia siue uia maris trans iordanem galilee gencium sicut dicitur in isaia per hanc enim uiam negotiatores de aran et de monte seir et bouawini qui sunt madianite multas merces ducunt in accon et reducunt in camelis qui maxime habundant in partibus ilis,Burchard,Zwickau,Zwickau
24,procedendo igitur de accon per primam diuisioem quarte orietalis ad quinque miliaria de accon occurit casale quoddam quod dicitur sanctus georius ubi dicitur sanctus idem natus fuisse inde austrum fere ad duas leucas naason de qua legitur in tobia et inde ad eandem plagam ad duas leucas dotaim opidum ualde amenum super montem betulie ubi iosep inuenit fratres suos et eliseus circumdatus a siris eos duxit in medium ciuitatis samarie de naason ad duas leucas contra orientem de dotaim fere ad tres est neptalim ciuitas tobie nunc casale ualde modicum non longe sapet de neptalim ad duas leucas contra orientem supra mare galilee betsaida ciuitas andree et petri et pilippi inde ad leucas contra meridiem magdalum castelum supra mare galilee a quo maria magdalena dicitur oriunda cuius domum ibidem et uidi et intraui de betsaida ad leucam contra orientem locus ubi stetit iesus in litore quando dixit discipulis pueri numquid pulmentarium habetis cuius adhunc uestigia ibidem inde in lapide ostenduntur et inde ad medietatem iactus lapidis locus ubi uiderunt prunas positas et piscem superpositum et panem et est in pede montis in quo dominus quinque milia hominum satiauit sanauit leprosum et fecit sermonem,Burchard,Burchard,London
25,de loco isto ad leucam unam et dimidiam contra orientem caparnaum ciuitas gloriosa quondam ubi eius ruine ostenduntur sed nunc ualde uilis ita ut ne impletum sit uerbum iesu cristi et tu caparnaum si in celeum ascenderis in infernum demergeris de caparnaum ad leucas contra orientem iordanis fluuius intrat mare galilee in cuius ulteriori parte litoris uidentur adhuc ruine corrosaim in litore maris galilee in hoc loco incipit ascensus montis seir siue idumeo de corrosaim ad leucas contra orientem in monte seir cedar munitissima et quondam gloriosa ualde in alto monte sita,Burchard,Burchard,London
26,et nota quod a planicie libani que incipit sub montem hermon et protenditur per ciuitatem boston siue bosra ut dicebatur antiquitus et deinde per totum montem seir siue edom usque ad possessionem dimidie tribus manasse que possedit terram og regis basan per totum litus iordanis orientale et maris galilee dicebatur idumea aut mons seir aut edom contra desertum maris rubri de quo dicitur genesis xiiii quod codorlaomor et alii reges cum eo percusserunt amorreos qui habitabant in monte seir et in deut transibimus per terminos fratrum nostrorum filiorum esau qui habitant in seir et timebunt et cetera que ibi sequuntur et infra dicitur ibidem in seir olim habitabant horrei quibus expulsis et deletis habitauerunt filii esau pro eis in isto autem monte seir siue edom aut etiam idumea habitauit esau eo tempore quo iacob rediit de mesopotamia sirie unde et occurrit ili iuxta uadum iacot unde gen dicitur quod cum transiuisset panaut qui locus est non longe a socot ultra iordanem in pede montis seir et distat ab alio monte seir amplius quam dietas cum inquit transiuisset panaut ortus est ei sol et infra eleuans autem oculos uidit uenientem esau et c qui nulo modo uenire poterat de alio monte seir quia multum distabat ut dictum est,Burchard,Zwickau,Zwickau
27,est autem tota terra ista a ciuitate bosra usque ad terram duarum tribuum montuosa nimis et alta ualde et incipiunt in ipso litore maris galilee surgere montes iste et uidetur super mons altior monte terminatur etiam terra ista ubi iordanis egreditur de mari galilee fere contra ciuitatem betsan et montes gelboe et deinceps est litus orientale iordanis duarum tribuum et dimidie usque ad campestra moab supra iordanem contra ierico ultra uero est litus idem usque ad finem iordanis per totum descensum maris mortui ad dietas filiorum moab postea sequitur terra amon et huic succedit mons seir alius qui se extendrit usque ad cades barne et desertum paran habens a latere sinai et hec sufitiant in secunda diuisione huius quarte orientalis,Burchard,Zwickau,Zwickau
28,primo post accon ad leucas occurrit cana galilee ubi dominus conuertit aquas in uinum et hodie locus ostenditur ubi steterunt idrie et triclinium ubi erant mense sunt tamen hec loca terre sancte ubi dominus legitur aliqua operatus sub terra et descenditur ad ea interdum per multos gradus ut locus annuntiationis naciuitatis et iste in cana galilee et cetera fere omnia loca sancta que sunt ut dixi sepe longe sub terra cuius non puto aliam esse causam nisi quia per frequentes destructiones superius ruine sunt complanate et cristiani semper uera loca in quibus hoc aut honc accidit ad ea inuestiganda nituntur quantum possunt,Burchard,Burchard,Zwickau
29,de cana galilee procedendo ad orientem uersus tiberiadem est quedam uila nomine beelma de qua legitur in iudit quod holofernes uadens cum exercitu betuliam uenit iuxta eam huius uile ruine ostenduntur et situs eius que grandem ipsam fuisse indicant distat autem a cana ad leucas item ab eadem uila per duas leucas uersus tiberiadem supra dotaim est mons betulie ubi iudit occidit olofernem locus munitus ualde sed penitus desertus ubi locum castrorum olofernis et ualem in qua se iudit lauit et quam girauit in betuliam redeundo diligentissime inuestigaui mansi etiam in dotaim una nocte,Burchard,Zwickau,Zwickau
30,de betulia ad leucas super mare galilee tiberias ciuitas olim tenerot dicta unde et mare galilee aliquando mare cenerot dicitur sed ab herode detrarca tiberias est appelata est autem ciuitas magna ualde et sunt ibi balnea medicinalia in litore maris et est terra eius in circuitu fertilis ualde supra modum,Burchard,Burchard,London
31,de canna galilee ad leucas contra austrum seporum ciuitas de qua narratur ioacim pater beate uirginis oriundus fuisse inde ad leucas fere contra austrum aliquantulum declinando ad partem orientalem nasaret ciuitas ila dilecta ubi flos ile florum de radice iesse pululauit distat autem ab accon per leucas quod spacium melius estimare potui quia sepius ilud petransiui uidetur mici esse sicut de magdeburg in barboi,London,Burchard,London
32,de nasaret ad leucas contra orientem mons tabor in quo transfiguratus est dominus ubi hodie ostenditur ruina trium tabernaculorum in pede eius ostenditur locus ubi melcisedet occurrit abrahe a cede regum reuertenti in hoc monte sunt ruine maxime palatiorum et diuersorum edifitiorum in quibus latitant leones et multe alie bestie et sunt ibi regales uenationes et in bestiis et in auibus in descensu montis contra occidentem est capela una ubi dominus dixit nemini dixeritis uisionem in descensu eius contra orientem est torrens cison ubi barac pugnauit cum sisara ultra torrentem contra austrum fere sed aliquantulum ad orientem est mons hermoniim de quo dicitur in ps ps in cuius latere contra super torrentem cison est uila endor ubi ad instantiam saulis pitonissa suscitauit samautem item de nasaret ad leucas de monte tabor ad mons hermon alter in cuius latere aquilonari est ciuitas naim ubi dominus suscitauit filium uidue extra portam iste mons ab isto loco extenditur contra orientem uersus mare galilee fere ad leucas et terminatur longe ab ilo loco in quo iordanis mare ingreditur galilee et hec sufitiant de secunda diuisione huius quarte,Burchard,Burchard,London
33,in tertia diuisone quarte orientalis de accon ad leucas contra austrum est prima pars montis carmeli et locus ubi elias accidit propetas sacerdotes baal in torrente cison in pede montis eiusdem qui etiam torrens post modicum interualum ibidem mare magnum ingreditur leuca a castro caipe sed tribus a ciuitate acconensi ab isto loco ad leucas bonas cahim mons ubi lamecs occidit cain inde ad leucas contra austrum est castelum quod antiquitus magedo dicebatur ubi mortuus fuit ocosias rex iuda quem ieu rex israhel wlnerauerat in iesrahel ubi etiam rex iosias iuda occisus est a rege egipti huic loco adiacet campus magnus qui campus dicebtur in iudit autem campus magnus esdrelon nunc ab omnibus comunitur dicitur campus fabe propter opidum in medio eius situm quod faba appelatur et distat a ciuitate afec ad iactum trium sagitarum est autem in rei ueritate campus iste planicies galilee que cingitur ab oriente mari galilee et iordane ab austro monte efraim et samaria ab occidente partim monte efraim partim monte carmelo ab aquilone montibus penicie qui penitiam diuidunt et galileam et habet in longitudine plene miliaria tentonica aut amplius fertilis supra modum uini et frumenti et omnium bonorum que gignere solet humus et ere saluberrimo ita quod uidetur mici quod terram non uiderim meliorem si esset in manu cristianorum,Burchard,Zwickau,Zwickau
34,de cain monte contra orientem ad tres leucas mosra uila sita in torrente cison duas leucas fere a ciuitate naim et a pede montis hermon inde ad unam leucam iuxta uiam que ducit iesrahel ad dextram ad iactum trium balistarum apec ciuitas ubi siri pugnauerunt contra regem israhel quando dixerunt dii moncium sunt dii eorum pugnemus cum eis in ualibus de afec ad duas leucas fere contra orientem in latere montis hermon suna ciuitas de qua fuit sunamitis ila que suscepit heliseum cuius etiam filium suscitauit ubi pilistiim castrametati sunt quando saul uenit in gelboe unde fuit sunamitis que calefecit dauid,Burchard,Burchard,Zwickau
35,de suna quatuor leucas fere contra iordanem li leuca a iordane inter ipsum iordanem et montem gelboe ciuitas antiqua betsan in cuius muris pilistei suspenderunt corpus saul et filiorum eius hec postea dicta fuit scitopolis nunc iterum betsam apelatur et est locus delitiosus nimis de betsan leucis contra occidentem in pede montis gelboe fons iesrahel ad quem pilistei transtulerunt castra sua de suna ciuitate de isto fonte ad dimidiam leucam iesrahel ciuitas quondam regalis nunc uix habet xx domos in pede occidentali montis gelboe sita ubi adhuc uidi agrum nabot iesrahelite de iesrahel ad leucas ut dictum est contra aquilonem est ciuitas suna in pede australi montis hermon et duabus leucis a monte gelboe,Burchard,Burchard,London
36,isti duo montes ita sunt dispositi ut hermon sit ab aquilone gelboe ab austro et in medio sit planicies duarum leucarum lata et leucarum longa et protenditur longitudo ab occidente in orientem latitudo uero ab aquilone ad austrum sicut et longitudo et latitudo ipsorum moncium in ista planitie sepe habiti sunt magni conflictus ibi enim gedeon superauit madianitas item saul superatus est a pilisteis et plures alii nostris etiam diebus tartari cum sarracenis ibidem habuerunt conflictum ualde magnum ista planicies est principium conualis que dicitur ilustris propter sui fertilitatem et extenditur de fonte iesrahel de quo dictum est supra usque ad planiciem ierico et finem iordanis ad mare mortuum,Burchard,Zwickau,Zwickau
37,iesrahel sita est in pede occidentali montis gelboe habens in prospectu planiciem galilee ad residuam contra samariam et terram galaad ad quam itur de iesrahel in latere eiusdem montis gelboe per uiam ualde planam usque ultra iordanem per hanc uiam uenit ieu de ramot galaad quando dixit speculator uideo ego globum,Burchard,Burchard,London
38,nec est uerum quod ducitur de monte gelboe quod in eo nec ros nec pluuia descendat quia cum in die beati martini essem in uale iesrahel sub monte uidi pluuiam maximam supra in monte cuius etiam aque ad nos de monte descenderunt uerum est quod steriles sunt et aridi et petrosi sicut et omnes montes israhel,Burchard,Burchard,Zwickau
39,de iesrahel usque ingennium contra austrum quinque leuce fere est opidum muratum quidem sed colapsum situm in pede montis efraim ibi terminatur galilea que est fere tota campestris et plana et incipit samaria que omnino est montuosa de isto opido usque ad cumulos iordanis contra orientem sunt fere leuce item de isto opido fere ad leucas contra austrum samarie ciuitas nunc sebaste dicta quondam caput regni israhel nunc peccatis exigentibus nec uniam habet domum nisi tantum duas ecclesias unam in sumitate montis ubi quondam fuit palacium regis in proximo ubi quondam decolatus est beatus iohannes baptista ut ab incolis grecis ibi dicitur demonstrantibus etiam carcerem in quo dicunt eum decolatum quod tamem falsum esse reputo quia et cronice et iosepus dicunt eum decolatum in castelo maceronta quod est ultra iordanem in terra galaad preterea herodes iste qui de colauit iohannem erat tetraca galilee et regionis trans flumen iordanis que est terra gala ad scilicet duarum tribuum et dimidie et nicil omnino potestatis habuit in samaria sed erat iudea et samaria sub procuratione pilati secunda ecclesia est honore eiusdem sancti ioh baptiste in qua sepultus fuit inter heliseum et abdiam et uidi sepulcrum eius sed non intraui ex causa tales autem ruinas non uidi in terra cum tamen magnas et multas uiderim sicut in samaria nec est ita disposita ciuitas ut uidetur aute magister in historia super uerbo ilo si suficiet omnis puluis samarie pugilis omnis populi qui sequitur me uidetur enim aute quod murus ciuitatis et superficies montis erant equales et desuper ciuitas edificata quod non erat murus enim ciuitatis erat fere in pede montis firmus ualde turribus et interius mons paulatim in altum surgens et circumseptus edificiis quasi botrus uue granis consitus et tendens in,Burchard,Zwickau,Zwickau
40,regia erat hec ciuitas in monte pulcra nimis ubi uidentur adhuc columpne imirabiles que sustentabant pala et deamblatoria in circuitu montis infra subregia et mansionibus militum in loco ubi erat forum rerum uenalium adhuc fere per totum circuitum circundant columpne marmoree montem stantes hinc inde que continebant testudinem platearum breuiter nestio quid magni non possit dici de ciuitate ista que ad tantam miseriam nunc deuenit ut nula penitus sit in ea domus sed sit uinea tantum et ortus oliui sicut et facere uoluit acab rex iuxta palacium suum quod habuit in samaria de uinea nabot lsrahelite et in sancto dei iuditio factum est ita situs huius urbis erat pulcer ualde inde enim erant prospectus usque ad mare ioppe et usque ad antipatridam et ramatam per totum montem efraim usque cesaream et carmelum maris et habundabat fontibus et ortis et omnibs bonis que requirit mundus de samaria ad tres leucas contra orientem tersa ciuitas in monte sita in qua erat regnum priusquam in samaria item de tersa leucis contra orientem mons et terra tapne que erat sortis manasses et extenditur usque ad iordanem,Burchard,Burchard,London
41,de sebaste contra austrum duabus leucis fere ad dextram mons betel inde ad dimidiam leucam mons dan supra ciuitatem sicem ad sinistram in quibus duobus montibus ieroboam filius nabat posuit duos uitulos aureos ut dicitur regum inter montes istos sita est ciuitas sicem que nunc neapolis dicitur omni amenitate habundans ut uere locus delitiarum dici possit sed munita non est nec ulo modo muniri potest nec aliud restat nisi quod hostibus ab aquilone intrantibus ciues ad austrum fugiendo exeant si sunt pautiores non longe a porta eius australi est puteus iacob ubi dominus sedit sitiens supra fontem super fontem istum ad dexteram est mons garisim ubi est adhuc antiquum panum habens hospitale de quo dicitur libro macabeorum quem etiam locum dicitur mulier inmiisse quando dixit ad dominum pares nostri in monte hoc adorauerunt ad sinistram autem fontis iacob ostenditur mansio iacob et predium quod dedit iosep filio suo inde ad quatuor leucas contra austrum ad dextram secus uiam lempna ad quam obsidendam uenerat sennacerib quando recesserat de lacis inde ad leucas contra austrum opidum arciatananot de tribu efraim ubi est terminus ipsius tribus contra bennanim que fuit milicie templi item de isto opido ad leucam contra austrum gabaa saulis ubi oppressa fuit uxor leuite de monte efraim que uenit de betlehem iuda de gabaa ad i leucam de ista rama dictum est ilud uox in rama audita est et cetera rama ciuitas iuxta uiam ad sinistram inde leuce usque in ierusalem,Burchard,Zwickau,Zwickau
42,de sicem ad leucas ultra in fine montis efraimin ipso descensu pesec uila non longe a doc castelo ubi ptolomeus lagi filius capciuum tenuit et tandem interfecit simonem macabeum et uxorem eius in ista uila pesec est finis montis efraim et descenditur ad campestria iordanis contra montem pogoe qui est oppositus ili loco ultra iordanem contra solis ortum in terra moab deinde mons pasga postea nebo in quos balac filius sepor duxit balaam filium beor filiis isrel manentibus in campestribus moab ultra iordanem de pesec ad leucas fere ad austrum modicum decinando ad orientem galgala ubi castrametati sunt filii isrel transito iordane sub monte quarentene ubi etiam circumcisi sunt et multa alia facta sunt pluribus nota,Burchard,Zwickau,Zwickau
43,de galgalis ad dimidiam leucam mons quarentene ubi ieiunauit dominus diebus et noctibus et temptatus est sub ipso monte oritur et efluit fons helisei quem de sterili fertilem et de amaro potabilem fecit de galgalis ad i leucam inter orientem et austrum lerico ciuitas quondam nobilis nunc autem ita humilis ita ut nec uestigium sit quod fuit ibi ciuitas de ierico sunt due leuce ad iordanem contra orientem ubi ostenditur capela in honore sancti iohannis baptiste ubi cristus creditur baptisatus iuxta eniiim et salim non longe a monte gelboe in betania que est supra iordanem tribus leucis de ierico duabus capela beati io contra austrum mare mortuum siue mare salis siue solitudinis siue diaboli siue salinarum istud mare diuidit arabiam et iudeam et est in eius litore orientali terra moab et amon et mons seir quem olim inhabitauerunt horrei de quo dictum est supra et extenditur usque ad desertum pares et cades barne est etiam ibidem mons gregalis castrum quod bodie kac dicitur olim petra deserti dicebatur cui adiacet ciuitas petra quondam sedes arciepiscopalis que quondam fuit rabac filiorum amon quod cepit dauid in litore eius in mari occidentali primo est opidum quondam ualde amenum sangor dictum sub monte engadi quinque leucis de ierico ubi quondam fuit uinea balsami ubi sunt munitissima loca post ea colis acile et ciuitas ceila in quibus locis latuit dauid et sequitur postea desertum sur et desertum quod de bersabee ad montem sinai,Burchard,Zwickau,Zwickau
44,in litore eius orientali sita est segor in parte arabie ubi est statua salis in quam uersa fuit uxor lot ad quam uidendam multum anhelabam sed dixerunt mici sarraceni in ierico quod distabat per dietas et erant loca per que trasiturus eram periculosa nimis propter leones et uermes et bestias alias preterea bendwini qui sunt madianite excubant in locis ilis agentes custodias circa camelos et dromedarios et pecora sua qui sunt homines omnino siluestres numquam sub tecto sed semper sub diuo degentes qui nuli parcunt sexui aut etati sed sunt latrones crudelissimi et fures et omne quod occurrunt occidunt et despoliant et dixit mici admiraldus de ierico quod sarraceni armanti non possent transire loca ila sepe etiam ut dicebant mare ilud excrescit ut operiat statuam ilam totam et sepe uidetur usque ad pectus aut usque ad genua loco medio stans inter ciuitatem segor et mare ista retraxerunt me quod non processi,Burchard,Zwickau,Zwickau
45,mare istud habet in latitudine plene leucas superfumans et tenebrosum de uaporibus quasi caminus sit inferni multa alia dicuntur de ipso que melius ipse nostis et ideo pertraseo minus etiam scribitur et dicitur de ipso quam sit in rei ueritate scire enim debetis pro certo quia quod oculis uidi et plures alii mecum secure possum dicere de uapore huius maris tota ualis que dicebatur uere dici poterat ilustris a fine australi eiusdem maris qui est in deserto paran usque ad terram rapne fere per x dietas ita est reddita inutilis ut nec gramen aliquod perferat omnino per totam longitudinem suam et latitudinem que fere ubique est quinque aut leucarum etiam cernitur locus iuxta ierico ubi palme et comele irrigantur de fonte helisei o tremendum per certo iudicium dei qui ita peccatum persequitur sodomorum ut etiam terra ut ita dicam penas luat incolarum ultra milia iam annorum a dexteris nicilominus et a sinistris omnes montes steriles sunt ad leucas preterea iordanis ipse suas aquas non admiscet ipsi mari sed absorbetur a terra ad unam leucam priusquam iluc ueniat mare tamen inundare dicitur de pluuiis et niuibus moncium circumiacencium ut de terra moab et amon et aliarum regionum,Burchard,Zwickau,Zwickau
46,de galgalis ad duas leucas de fonte helisei tantumdem contra aquilonem in montanis a latere quarentene hai ciuitas quam expugnauit iosue inde ad leucam contra aquilonem betei ciuitas in tribu beniamin ubi iacos uidens in mesopotamiam dormiuit super nudam humum et lapidem supponens capiti uidit scalam tangentem celos erant autem qui hoc ierusales factum dicunt quia eo tempore imo multo prius ierusalem erat ciuitas gloriosa iuxta hanc est lusa que est in tribu efraim de betel ad unam leucam contra aquilonem palma delbore inter ipsam et rama medio loco inter palmam delbore et ierusalem anatot uiculus sacerdotum beniamin unde fuit ieremias,Burchard,Burchard,London
47,de ierico leucas contra orientem in uia que ducit ierusalem ad sinistram deserti quarentene adomin casale ubi ile qui descendit a ierusalem in ierico incidit in latrones quod ibidem moderno tempore multis contigit et ideo locus idem hodie quod interpretaturcrossed out teutonice rotinburg interpretatur appelatur propter multum sangwinem ibi fusum est enim horribilis locus et ualde periculosus,Burchard,Burchard,London
48,inde ad leucas contra occidentem baurim caselum unde fuit semei qui maledixit dauid in alto monte situm cui ad iactum unius arcus aut modico amplius adiacet betania castelum marie et marte in eodem monte fed modicum dimissius situm inde media leuca usque ierusalem sed betpage est in medio sita et transit uia in medio australi montis oliueti habens ad sinistram montem ofensionis et ualem gehennon de ierusalem leucis contra aquilonem fere sed declinans aliquatulum ad occidentem silo ubi primitus fuit tabnaculum fedeis multis diebus inde ad leucam betoron superior ad dexteram euntibus ierusalem,Burchard,Burchard,London
49,ierusalem ciuitas dei sumi domina mundi de qua dicta sunt et dicuntur gloriosa sita est in terra montuosa habens ubique in circuitu terram fertilem et bonam preter quam contra orientem et iordanem distat ab accon ciuitate leucis ipsi qui est contra aquilonem de sebaste leucis de setim de nasaret hee omnes sunt contra aquilonem de ioppe hec est fere occidentalis sed declinat ad aquilonem de ierico leucis hec est orientalis de betleem duabus de tecua de ebron hee sunt australes sed quia que in ea facta sunt cristi sonant ecclesie uniuerse non credo quin quilibet cristianus hec recolat deuocius cum die suo agens gratias redemptori qui in ea nostram salutem est misericorditer operatus est autem sita in decliui latere montis dupliciter et ab austro scilicet et ab occidente ab austro quidem sita est in latere montis sion imo in ipso monte et super ipsum et ita descendit eius longitudo ee uetice montis sion se extendens contra aquilonem ad occidentem habet montem sion et dependet ab ipso eius latitudo contra orientem usque ad torrentem cedron siue ualem iosapat,Burchard,Burchard,London
50,est autem ierusalem ciuitas ualde magna et non est uerum quod quidam dicunt eam in loco alio edificatam quam fuerit tempore passionis argumentantes quia dominus extra portam fuit passus et cum locus ipse nunc sit intra menia ciuitatis non sit in alio loco sita hii errant et nesciunt quid loquantur ciuitas enim in latitudine ampaliata est sed nicilominus ciuitas antiqua adhuc cum toto monte sion est edificata sed pauci ad modum sunt habitatores in tota ciuitate pro tante ciuitatis capacitate ubicumque enim sibi placuerit eligit quibus mansionem eo quod domus plures uacent uidetur autem mici et in hoc mii consenserunt qui mecum ibi fuerunt quod ierusalem multo sit amplior et longior quam antiqua ciuitas madeburgum quam includit murus circuiens de sancto ambrosio usque ad nouam ciuitatem exclusiue,Burchard,Burchard,London
51,dispositionem eius antiquam diligentissime inuestigaui erat autem tunc mons sion ab australi parte ciuitatis capax ualde et longus qui ab oriente per circuitum austri usque ad occidentem protenditur ubi erat turris dauid ibique erat rupes prerupta hec uocabatur melo ipsa uero turris dauid sita erat in quodam cole ipsius rupis satis eminenti et uorago ipsa que uenit ab austro montis eiusdem usque ad occidentem descendit ab occidente circa turrim ad partem eius aquilonarem girans eam et ita erat turris ipsa in rupe et in angulo quodam sita uorago autem que cingebat ipsam descendebat usque ad partem australem montis moria ubi nunc est porta fontis siue aquarum et ita erat mons sion a ciuitate per istam uoraginem separatus hec erat ciuitas dauid uorago ista nunc repleta est sed eam adhuc deprehendit curiosus indagator,Burchard,Burchard,London
52,ab ista uoragine longe infra turrim dauid contra orientem erat edificatus alius murus ciuitatis qui incipiebat a pede montis sion in parte aquilonis et procedebat contra aquilonem cigens ciuitatem ex parte ila et recuruabatur per portam efraim et beniamin et portam sterquilinii portam ualis et cingebat aream templi ab oriente et continuabatur cum muro montis sion in porta aquarum siue fontis situs etiam ciuitatis sic est dispositus ut dictum est quod ab austro hoc est a monte sion est eleuatus et per totum sunitur latus occidentis et in parte orientis omnino est demissus ita ut sordes ciuitatis tempore pluuie descendant per portam sterquilinii in torrentem cedron,Burchard,Zwickau,Zwickau
53,mons quoque moria in quo est templum domini et palacium regis nunc sunt dimissiora quam ipsa porta sterquilinii sed non fuit sic ab antiquo quia de ositus fuit mons per romanos et missus in torrentem cedron cum omnibus ruinis templi et atriorum quod adhuc palam est uidere area templi quadrata est et habet in longitudine et latitudine plene iactum unius arcus iuxta aram templi ad aquilonem super murum ciuitatis adhuc cernuntur uestigia turris ananeel siue nebulose siue opel et est adherens porte ualis,Burchard,Burchard,London
54,intrantibus portam ualis ad sinistram occurrit iuxta uiam probatica piscina grandis ualde que dicebatur piscina sanctior hanc fecit esecias hoc mon obturauit enim superiorem fontem aquarum gion que prius fluebant in piscinam superiorem sicut et aque siloe et auertit eum subter ad occidentem turris dauid incidens ferro petram sicut dicitur in ecco et induxit aquas eius per medium ciuitatis in piscinan ipsam ut in obsidione haberet aquam populus ad bibendum nec poterant eos assirii impedire ualis iosapat,Burchard,Burchard,London
55,licet adhuc sit ualde profunda multum tamen est impleta quod palam est uidere sepulcrum enim uirginis gloriose quod ut creditur tunc erat in superficie ipsius ualis nunc est longe sub terra in tantum quod etiam ipsa eiusdem gloriose uirginis ecclesia cum sit ualde alta et testitudinata cum ipso sepulcro penitus sit sub terra et ualis desuper tota plana in superficie tamen ualis est edificium modicum quasi unius capele quod priusquam quis intrauerit oportet per gradus in ecclesia descendere ad sepulcrum iuxta hanc capelam fere ad pedes est alia capela que uocatur getsemani in latere montis oliueti adherens rupi sub qua apostoli sompno erant pregrauati et ostenduntur adhuc ibidem eorum in lapide sessiones et locus capciuitatis iesu cristi et impression caluarie eius superius in rupe et liniamenta uerticis et capilorum et in lapide alio impressio digitorum eius quam impressionem dicitur fecisse lapidem apprehedendo cum caperetur a ministris et mirum quod de ipso lapide nec puluis ut ita dicam ulo maleo aut alio instrumento deponi potest et tamen in eo ita plane apparet impressio digitorum dulcis ilius iesu ac si butireus fuisset lapis iste,Burchard,Burchard,Zwickau
56,inde ad iactum lapidis contra austrum est locus ubbi orauit et sudor eius sicut gute sagwinis decurrebant in terram ubi etiam similis lapis est habens impressiones genuum et digitorum de quo similiter nicil omnino potest deponi nulo instrumento aut ingenio inter hanc locum et getsemani ascendit uia que de ierusalem ducit in montem oliueti et betaniam et ad iordanem de loco isto ad magnum iactum lapidis est piramis iosapat in pede montis oliueti in fundo ualis et contra eam in pede montis sion fons siloe de quo coliguntur aque in piscinam inferiorem que natatoria siloe appelantur in pede montis sion accedit tamen ad easdem piscinas etiam fons gion inferior ministrans eas aquas situs in pede montis sion contra agrum fulonis ubi est aqueductus pistine superioris de quo legitur in isaia ad exremum aqueductus piscine superioris iuxta natatoria siloe contra austrum ad iactum lapidis ultra ualem est aceldemac ubi est sepultura peregrinorum infra uero natatoria siloe et aceldemac est torrens cedron qui coligitur de superioribus partibus ciuitatis uersus aquilonem iuxta rama et anatot et longe sub sepulcro domine nostre auditur eius murmuratio sub terra descendentis iuxta natatoria siloe sub montem ofensionis in ualem topet siue gehennon in qua uale est lapis soelet et fons rogel ubi adenias imolauit uictimas uolens regnare et sunt ibi loca et cardin amenissimi propter aquas que ilos irrigant multe ecclesie sunt in ierusalem et tot deuotionis loca quod nulomodo in die sufitiat homo ad peragrandum,Burchard,Burchard,Zwickau
57,ecclesia sancti sepulcri rotunda est sed golgotana oblonga et utraque tegitur uno tecto spelunca scilicet sepulcri habet pedes interius longitudinis et latitudinis similiter spelunca ante hoscium tantundem et in medio eius stat lapis qui fuerat monumenti hostio aduolutus locus golgata siue caluaria distat ab isto loco pedes locus ubi inuenta est crux distat a caluaria pedes sed est inferior pauimento ecclesie contra orientem pedibus beata uirgo non stetit sub cruce ad aquilonem ut quidam fabulantur sed contra faciem filii ad occidentem aliquantulum tamen declinans ad austrum monstratur enim hodie locus et a fidelibus ueneratur ubi cum aliis mulieribus ipsam stetit ego per totam noctem a nona diei hora usque ad tertiam sequentis diei fui in galgata ita quod non recessi et celeberaui ibidem ubi ile bonus iesus se ipsum obtulit sacrificium deo patri missas de passione et legi passionem secundum iohannem ubi fuit ipsa passio celebrate,Burchard,Burchard,London
58,ierusalem sita est in montibus altissimis ita quod in ea plene uidetur arabia scilicet terra moab et amon montes porgor nobo pasca et tota terra usque ad petram deserti est insuper montana que sunt circa campestria ierico sunt alta supra modum et palatim descendant usque ad montem oliueti,Burchard,Burchard,London
59,diligencius considerabam omnes montes paulatim descendere usque in ierico et iordanem accon mons silo qui distat a ierusalem et locis et montibus omnibus terre sancte de ierusalem ad leucas aut plus contra occidentem est emaus ubi dominus agnitus est in fractione panis de ierusalem ad leucas sub monte silo est betoron inferior et iuxta ad leucam gabaon ubi pugnauit iosue cum regibus de gabaon ad i leucam contra occidentem est lacis inde ad inter occidentem et austrum cariatiarim que fuerunt ambe urbes gabaonitarum de cariatiarim ad leucas et dimidiam betsames opidum ubi reducta fuit arca de ackaron que distat ab ila per leucas contra occidentem de ierusalem usque ramata ubi natus fuit samaut que etiam armatia dicitur unde fuit iosep nobilis decurio sunt leuce inde usque ioppe unde ionas fugit in tarsis ibi etiam ostenduntur scopuli ad quos andromoda dicitur secundum fabulas religata de ierusalem ad leucas contra austrum betlehem est sita in sinistra parte uie que ducit ebron ad iactum arcus primo tamen occurrit sepulcrum racelis ad dextram uenientis de ierusalem in betlehem ad orientem betle hem ad aut iactus arcuum est turris gregis ubi angeli apparuerunt pastoribus betlehem sita est in monte longo sed arto ab oriente se extendente in occidentem in cuius fine orientali sub rupe quadam que erat in quodam diuersorio iluxit nobis oriens ex alto sol iustitie cristus deus noster iuxta rupem autem ilam contra occidentem ad aut ad pedes dependet rupes alia capatior sub qua erat presepe iumentorum in quo dulcis puer ile iesus fuerat reclinatus non uidi ego nec audiui aliquem qui dixerit se uidisse ecclesiam in toto orbe terrarum ita deuotam sicut betlehemiticanam sunt enim in ea columpne nobilissime et pulcertudine et multitudine stupende preterea nauis ecclesie desuper et de columpnis usque ad tectum tota est facta opere musiuo nobilissimo et pulcerrimo totum pauimentum ecclesie stratum est marmore diuersorum colorum et generum parietes ex omni parte tecti sunt tabulis marmoreis quarum precium secundum opinionem meam non posset estimari incredibilia possent scribi et dici de ecclesia ista capela etiam in qua est presepe tota facta est opere musiuo et strata marmore,Burchard,Zwickau,Zwickau
60,sarraceni omnes in ueneratione magna habent ecclesiam istam pre ceteris ecclesiis beate uirginis omnes tamen ecclesias multum uenerantur uidi in ecclesia ista signum mirabile quod mici uidetur memorie merito ad laudem beate uirginis comendandum soldanus enim quidam uidens ornatum huius ecclesie et tabulas parietum pretiosas mandauit eas deponi et duci in egiptum ut inde palacium suum in babilonia decoraret mira res artificibus cum instrumentis accedentibus adhuc ipso soldano astante et uidente de sano et integro pariete quem nec acus uidebatur posse penetrare serpens inmanis exiuit et prime tabule marmoree que occurrit morsum unum in medio dedit et sic tabula per medium latitudinis per transuersum confracta est secundam adiit tertiam quartam et sic per ordinem ad altitudinem pedum a terra usque ad decimam octauam tabulam et stupentibus omnibus qui aderant et ipso soldano territo eet animum quamtocius pre timore reuocante serpens uidentibus omnibus disparuit remansit igitur ecclesia et manet usque hodie sicut prius tabulas ipsas uidi et numeraui sic diuisas insuper tractus corporis serpentis in singulis tabulis apparent notabiliter quasi cobustio quedam igne facta et super omnia mirabile uidetur quomodo serpens ile sic procedere potuerit in pariete qui erat planissimus et politissimus sicut uitrum,Burchard,Burchard,London
61,ibi uidi celam beati ieronimi lectum eius et sepulcrum claustrum monacorum locum interfectionis innocentum ecclesiam beate paule et eustocium cisternam in quam stela dux magorum dicitur cecidisse de betlesem contra orientem ad leucas sunt engadi montes et loca tutissima latibula dauid supra mare mortuum ubi erant uinee balsami inde ad leucas contra austrum acile ubi etiam latuit dauid de engadi ad duas ceila quam conseruauit dauid a pilisteis de ceila ad leucas contra austrum sip casale ubi habitabant traditores dauid huic adiacet desertum maon ad austrum in quo habitabat nabal carmelus inter ceila et betlehem medio loco tecua ubi dormit amos propeta cui ad orientem adiacet desertum tecue postea sequitur mons seir et desertum magnum in quo morati sunt filii isrel annis de betlehem contra austrum leucas becgar uila in loco eminenti sita iuxta quam stans cum sociis uidi ab oriente arabiam totam et mare mortuum usque ad montem seis et or loca latibuorum dauid ab occidenti uero mare magnum usque ioppe et ramata omnes quinque ciuitates pilistinorum usque ad ultimam gasaram et bersabee et blanste et gardam que site sunt contra desertum sur in uia egipti de betgar ad leucas contra austrum ebron ila antiquissima in qua primus ile homo est conditus et sepultus cum coniuge sua et tres magni patriarce cum coniugibus suis apud sepultra eorum fui ager damascenus distat a spelunca duplici ad magnum iactum arcus ubi formatus fuit adam in rei ueritate de rubra terra de qua et tuli mecum et multi cristiani et sarraceni idem faciunt et tamen modica apparet fossio in loco isto inde supra montem contra occidentem ad iactum duarum sagitarum est spelunca in rupe quadam in qua adam et eua interfecto abel uixerunt centum annis inde ad iactum sagite mons in quo sita fuit ebron nunc omnino dirutus et euersus contra speluncam duplicem que fuerat tempore cristianorum sedes nunc edificauerunt sarraceni castrum munitissimum et ilum locum plus uenerantur quam aliquem locum sub celo inde redeundo in betlehem ad dimidiam leucam in uia fons abrahe fons in conuale mambre et terebintus sub qua dominus comedit abrabam ministrante uerum est quod antiqua terebintus uetustate consumpta est sed de radicibus eius alia nata est de cuius fructu et ligno tuli et non est ut quercus sicut quidam opinantur folia habens modica sicut lentiscus sed fructum sicut quercus de ierusalem ad leucas fere contra occidentem aliquantulum tamen ad austrum ostenditur domus sacarie ubi beata uirgo salutauit elisabet inde ad leucas uia que ducit ebron eleccos id est ualis botri unde tulerunt exploratores palmitem cum uua sua ad dextram eius descendit riuus in quo eunucum etiopem baptisauit pilippus de ebron ad leucas contra austrum dabir siue kariatseper urbs literarum quam cepit cenes frater calep et duxit axam uxorem hec de tertia parte diuisionis orientalis suficient,Burchard,Zwickau,London
62,sequitur de prima parte diuisionis australis hec sicut omnes alie incipit ab accon cui adiacet caipas opidum ad leucas in pede montis carmeli ultra torrentem cison qui mare ibidem influit ad leucam de isto torrente cison nota quod licet in rei ueritate sit unus dupliciter tamen accipitur et accipi potest quia dupliciter currit aliqua enim eius pars currit contra orientem in mare galilee non longe a ciuitate betsan alia uero currit contra occidentem in mare magnam iuxta caipam et carmelum quod ex eo contingit quod mons tabor et mons hermon cum non longe distent abinuicem nisi fere per unam leucam transeunt ad se mutuo et quemdam tumorem terre constituunt qui tumor ex parte montis hermon maior est et uocatur hermonium in quo sita est ciuitas endor et iste tumor impedit quod aque descendentes de utroque monte non possunt descendere ad plagam unam sed pars una descendit contra orientem ubi sisara pugnauit contra barac altera descendit contra occidentem uersus mare magnum ubi elias occidit propeta baal de caipas ad leucas est castrum peregrinorum sed euntibus de caipas ad idem castrum media uia ad sinistram est spelunca elie ad mediam leucam isud castrum peregrinorum est factum militie templi magis munitum quam umquam uidi aliquem locum de castro peregrinorum ad leucas similiter in litore maris est cesarea palestine et est circumdata ab occidente mari magno ab orientem palude quadam ualde profunda et aquosa in qua dicitur esse multitudo magna cocodrilorum quod tamen nesciebam cum ibi essem de cesarea leucis antitrapada que antiquitus dora dicebatur nunc autem arsur dicitur et fuit fratrum hospitaliorum sacti iohannis quam licet nunc non habeant soluunt tamen pro ea domino de arsur amplius quam milia bisantiorum singulis annis et eius heredibus in eternum ab ista usque ioppe sunt leuce hec quondam fuit portus iudee in ea ascendit ionas nauim ut fugeret inde ad leucas non longe ad mare est get ciuitas non modica inde ad leucas contra austrum betsames ubi stetit arca testamenti reuersa ab ackaron inde contra austrum leucas ackaron ciuitas inde ad leucas non longe a mari asotum ciuitas ab asato contra austrum in litore maris quinque leucis sita est ascalona ciuitas munitissima pilistinorum ab ista sunt leuce usque in gasam que nunc gasaris dicitur et est nominata multum hiis diebus de gasa sunt leuce usque bersabee que nunc giblin dicitur et est finis terre sancte contra meridiem et distat ab ebron unam dietam sicut gasa,Burchard,Burchard,London
63,notandum etiam quod iste erant porte et sunt in ierusalem prima fuit porta dauid et erat in latere montis sion in angulo occidentis et aquilonis sic autem dicta fuit eo quod turris dauid eidem iminebat dicta fuit etiam porta piscium quia per eam ueniebant negotiatores de egipto et etiopia et pilistiim et maritima merces diuersas adducentes et de ea procedebat uia per tres partes diuisa in monte enim super agro fulonis erat primo diuisa et una pars que erat sinistra ducebat in betlehem et ebron et reliquam terram iuda alia descendebat ad dextram per ualem rapaim sub castro betsura quod est stadiis a ierusalem et hec iterum diuidebatur in duas quia sinistra ducebat in gasam et egiptum contra meridianum dextra uero ducebat in ioppe et contra maritima loca hec porta fuit in antiquo muro et adhuc est et coniungtur ei hodie murus porte ilius ciuitatis que apposita fuit propter sepulcrum domini includendum,Burchard,Zwickau,Zwickau
64,secunda dicebatur porta uetus et erat ista contra aquilonem in muro ueteri et manserat a tempore iebuseorum dicta fuit etiam iuditiaria quia ibi iuditia exercebantur et que iudicata fuissent per sententiam executioni mandabantur non longe extra hanc portam fuit dominus cruicifixus locus etiam ubi sedit pilatus pro tribunali erat iuxta eam huius uestigia adhuc sunt manifesta in muro uno nouo qui sepulcrum domini appelatur adhuc eodem nomine et durat in silo betoron lacis gabaon caiatiarim et deinceps usque galileam tertia erat porta efraim a superiori contra aqilonem per hanc erat uia in montem efraim et samariam et galileam ista porta concurrebat muriis nouiis qui a turre dauid usque ad hanc portam erat factus ad sepulcrum domini includendum cum muro ueteri ista nunc dicitur porta sancti stepani,Burchard,Zwickau,Zwickau
65,quarta erat porta angeli et erat a superiori orientalis in angulo muri super torrentem cedron unde legitur regum quod ioas rex isrel interrupit murum ierusalem hec porta efraim usque ad portam angeli quadringentis cubitis dicta est etiam porta beniamin quia in anatot et ceteras urbes huius tribus ducebat,Burchard,Burchard,Zwickau
66,quinta erat porta sterquilinii a superiori contra austrum per istam tempore pluuie descendebant sordes ciuitatis in torrentem cedron et sic ultra per torrentem pelebantur per istam erat uia per desertum quod est inter ierusalem et ierico quod nunc dicitur desertum quarentene,Burchard,Burchard,London
67,sexta erat porta ualis quia ducebat et ducit hodie in ualem iosapat et est a superiori contra austrum et est ad iactum lapidis a sepulcro gloriose uirginis dicta est etiam porta gregis quia per eam inducebantur greges imolandi ad templum cui coniungebatur huic adheret probatica piscina in qua hostie lauabantur huic porte adheret turris annaneel que etiam nebulosa aut opel dicebatur unde ilud edificabitur domino ciuitas a turre ananeel usque ad portam angeli que est porta beniamin hanc turrim herodes magnus instaurauit et appelauit antoniam ad honorem antonii hec ducit ad montem oliueti et betaniam et iordanem,Burchard,Burchard,Zwickau
68,septima est porta aurea hec est australis hec non ducebat in ciuitatem imedietate sed in templum per compendium de monte oliueti per testudinem quandam factam ultra ualem iosapat et intra hanc erat porta templi spetiosa,Burchard,Burchard,London
69,octaua erat porta aquarum quia per eam aque importabantur de fonte et natatoriis siloe dicta fuit etiam porta fontis quia sub ipsa in uale erat fons siloe erat autem sita in angulo ciuitatis ubi mons sion et mons moria conueniunt in angulo murorum duorum scilicet montis sion et muri qui cingit domum regis ducebat autem ut dictum est ad fontem et ad natatoria siloe ad ualem filiorum emon et fontem rogel et ad ortum regis et aceldemac nec credo quod plures porte fuerint in ierusalem quia secundum situm ciuitatis non erant neccessarie sed forte alique ex istis poterant etiam aliis nominibus appelari per totum circuitum montis sion a porta aquarum que est ili ab aquilone respiciens orientem usque ad portam dauid que est eidem monti sion similiter aquilonaris respiciens occidentem nula omnino porta erat nec esse poterat quia uorago qua mons cingebatur per circuitum impediuit,Burchard,Burchard,Zwickau
70,terra ierusalem in centro mundi posita est ex maiore parte montuosa uber ualde et fertilis cui ab occi oriente dentali adiacet arabia a merdie egiptus ab occidente mare magnum a septemtrione siria et mare ciprum hec antiquis temporibus comunis fuit patria nationum que ad loca causa deum colendi iluc de quibus bus partibus conuenerunt sicut in actibus apostulorum legitur in mis sione spiritus sancti parti et medi et cetera non scribam plura quia me habet altera cura finitum anno domini in crasino sancti francisci confratris hora triarum aut quasi corrige lector,Burchard,Zwickau,London
